Workbook
Name neighbourhood_crime_rates___4326: Raw!$A$1:$HM$159

Sheet Cleaned
B1: 2014 | C1: 2015 | D1: 2016 | E1: 2017 | F1: 2018 | G1: 2019 | H1: 2020 | I1: 2021 | J1: 2022 | K1: 2023 | L1: 2024 | M1: 2025
A2: Assault | B2: =AVERAGE(Raw!P2:P159) -> 610.44511 | C2: =AVERAGE(Raw!Q2:Q159) -> 657.35087 | D2: =AVERAGE(Raw!R2:R159) -> 657.29193 | E2: =AVERAGE(Raw!S2:S159) -> 660.61759 | F2: =AVERAGE(Raw!T2:T159) -> 666.58272 | G2: =AVERAGE(Raw!U2:U159) -> 695.51506 | H2: =AVERAGE(Raw!V2:V159) -> 597.53512 | I2: =AVERAGE(Raw!W2:W159) -> 630.52788 | ... M2: =AVERAGE(Raw!AA2:AA159) -> 745.49526
A3: Auto Theft | B3: =AVERAGE(Raw!AN2:AN159) -> 125.78208 | C3: =AVERAGE(Raw!AO2:AO159) -> 119.8587 | D3: =AVERAGE(Raw!AP2:AP159) -> 116.48943 | E3: =AVERAGE(Raw!AQ2:AQ159) -> 124.88173 | F3: =AVERAGE(Raw!AR2:AR159) -> 161.10382 | G3: =AVERAGE(Raw!AS2:AS159) -> 174.59882 | H3: =AVERAGE(Raw!AT2:AT159) -> 190.38375 | I3: =AVERAGE(Raw!AU2:AU159) -> 220.39432 | ... M3: =AVERAGE(Raw!AY2:AY159) -> 216.51482
A4: Theft over $5k | B4: =AVERAGE(Raw!GZ2:GZ159) -> 37.410538 | C4: =AVERAGE(Raw!HA2:HA159) -> 37.057743 | D4: =AVERAGE(Raw!HB2:HB159) -> 38.112012 | E4: =AVERAGE(Raw!HC2:HC159) -> 40.286497 | F4: =AVERAGE(Raw!HD2:HD159) -> 42.146618 | G4: =AVERAGE(Raw!HE2:HE159) -> 46.314849 | H4: =AVERAGE(Raw!HF2:HF159) -> 40.732553 | I4: =AVERAGE(Raw!HG2:HG159) -> 35.952109 | ... M4: =AVERAGE(Raw!HK2:HK159) -> 56.83065
A5: Bike Theft | B5: =AVERAGE(Raw!BL2:BL159) -> 132.67899 | C5: =AVERAGE(Raw!BM2:BM159) -> 134.33203 | D5: =AVERAGE(Raw!BN2:BN159) -> 148.27381 | E5: =AVERAGE(Raw!BO2:BO159) -> 149.35539 | F5: =AVERAGE(Raw!BP2:BP159) -> 152.52611 | G5: =AVERAGE(Raw!BQ2:BQ159) -> 136.76621 | H5: =AVERAGE(Raw!BR2:BR159) -> 148.36868 | I5: =AVERAGE(Raw!BS2:BS159) -> 117.76099 | ... M5: =AVERAGE(Raw!BW2:BW159) -> 69.111893
A6: Robbery | B6: =AVERAGE(Raw!EF2:EF159) -> 137.85303 | C6: =AVERAGE(Raw!EG2:EG159) -> 125.31555 | D6: =AVERAGE(Raw!EH2:EH159) -> 129.64032 | E6: =AVERAGE(Raw!EI2:EI159) -> 138.8149 | F6: =AVERAGE(Raw!EJ2:EJ159) -> 126.40068 | G6: =AVERAGE(Raw!EK2:EK159) -> 118.85957 | H6: =AVERAGE(Raw!EL2:EL159) -> 91.36881 | I6: =AVERAGE(Raw!EM2:EM159) -> 75.047368 | ... M6: =AVERAGE(Raw!EQ2:EQ159) -> 76.398116
A7: Theft from Vehicle | B7: =AVERAGE(Raw!GB2:GB159) -> 353.3955 | C7: =AVERAGE(Raw!GC2:GC159) -> 319.8723 | D7: =AVERAGE(Raw!GD2:GD159) -> 271.29642 | E7: =AVERAGE(Raw!GE2:GE159) -> 288.04463 | F7: =AVERAGE(Raw!GF2:GF159) -> 306.7304 | G7: =AVERAGE(Raw!GG2:GG159) -> 335.38718 | H7: =AVERAGE(Raw!GH2:GH159) -> 343.76395 | I7: =AVERAGE(Raw!GI2:GI159) -> 269.57443 | ... M7: =AVERAGE(Raw!GM2:GM159) -> 207.86162
A8: Break & Enter | B8: =AVERAGE(Raw!CJ2:CJ159) -> 268.16452 | C8: =AVERAGE(Raw!CK2:CK159) -> 255.71972 | D8: =AVERAGE(Raw!CL2:CL159) -> 229.89643 | E8: =AVERAGE(Raw!CM2:CM159) -> 243.42736 | F8: =AVERAGE(Raw!CN2:CN159) -> 260.22554 | G8: =AVERAGE(Raw!CO2:CO159) -> 289.70308 | H8: =AVERAGE(Raw!CP2:CP159) -> 239.44938 | I8: =AVERAGE(Raw!CQ2:CQ159) -> 191.50056 | ... M8: =AVERAGE(Raw!CU2:CU159) -> 189.86341
A10: index to 2014 | B10: 2014 | C10: 2015 | D10: 2016 | E10: 2017 | F10: 2018 | G10: 2019 | H10: 2020 | I10: 2021 | J10: 2022 | K10: 2023 | L10: 2024 | M10: 2025
A11: Assault | B11: =B2/$B2*100 -> 100 | C11: =C2/$B2*100 -> 107.68386 | D11: =D2/$B2*100 -> 107.67421 | E11: =E2/$B2*100 -> 108.219 | F11: =F2/$B2*100 -> 109.19618 | G11: =G2/$B2*100 -> 113.93572 | H11: =H2/$B2*100 -> 97.885151 | I11: =I2/$B2*100 -> 103.28986 | ... M11: =M2/$B2*100 -> 122.12323
A12: Auto Theft | B12: =B3/$B3*100 -> 100 | C12: =C3/$B3*100 -> 95.290755 | D12: =D3/$B3*100 -> 92.612102 | E12: =E3/$B3*100 -> 99.284195 | F12: =F3/$B3*100 -> 128.08169 | G12: =G3/$B3*100 -> 138.81057 | H12: =H3/$B3*100 -> 151.35999 | I12: =I3/$B3*100 -> 175.21917 | ... M12: =M3/$B3*100 -> 172.13487
A13: Theft over $5k | B13: =B4/$B4*100 -> 100 | C13: =C4/$B4*100 -> 99.056962 | D13: =D4/$B4*100 -> 101.87507 | E13: =E4/$B4*100 -> 107.68756 | F13: =F4/$B4*100 -> 112.65975 | G13: =G4/$B4*100 -> 123.80161 | H13: =H4/$B4*100 -> 108.87989 | I13: =I4/$B4*100 -> 96.101554 | ... M13: =M4/$B4*100 -> 151.9108
A14: Bike Theft | B14: =B5/$B5*100 -> 100 | C14: =C5/$B5*100 -> 101.24589 | D14: =D5/$B5*100 -> 111.7538 | E14: =E5/$B5*100 -> 112.56899 | F14: =F5/$B5*100 -> 114.95875 | G14: =G5/$B5*100 -> 103.08053 | H14: =H5/$B5*100 -> 111.8253 | I14: =I5/$B5*100 -> 88.756326 | ... M14: =M5/$B5*100 -> 52.089554
A15: Robbery | B15: =B6/$B6*100 -> 100 | C15: =C6/$B6*100 -> 90.905179 | D15: =D6/$B6*100 -> 94.042415 | E15: =E6/$B6*100 -> 100.69775 | F15: =F6/$B6*100 -> 91.692347 | G15: =G6/$B6*100 -> 86.221946 | H15: =H6/$B6*100 -> 66.279869 | I15: =I6/$B6*100 -> 54.440128 | ... M15: =M6/$B6*100 -> 55.419974
A16: Theft from Vehicle | B16: =B7/$B7*100 -> 100 | C16: =C7/$B7*100 -> 90.513971 | D16: =D7/$B7*100 -> 76.768499 | E16: =E7/$B7*100 -> 81.507723 | F16: =F7/$B7*100 -> 86.795217 | G16: =G7/$B7*100 -> 94.9042 | H16: =H7/$B7*100 -> 97.274569 | I16: =I7/$B7*100 -> 76.281229 | ... M16: =M7/$B7*100 -> 58.818411
A17: Break & Enter | B17: =B8/$B8*100 -> 100 | C17: =C8/$B8*100 -> 95.359268 | D17: =D8/$B8*100 -> 85.729624 | E17: =E8/$B8*100 -> 90.775379 | F17: =F8/$B8*100 -> 97.039513 | G17: =G8/$B8*100 -> 108.03185 | H17: =H8/$B8*100 -> 89.291968 | I17: =I8/$B8*100 -> 71.411594 | ... M17: =M8/$B8*100 -> 70.801093

Sheet Raw
A1: _id | B1: AREA_NAME | C1: HOOD_ID | D1: ASSAULT_2014 | E1: ASSAULT_2015 | F1: ASSAULT_2016 | G1: ASSAULT_2017 | H1: ASSAULT_2018 | I1: ASSAULT_2019 | J1: ASSAULT_2020 | K1: ASSAULT_2021 | L1: ASSAULT_2022 | M1: ASSAULT_2023 | N1: ASSAULT_2024 | O1: ASSAULT_2025 | P1: ASSAULT_RATE_2014 | Q1: ASSAULT_RATE_2015 | R1: ASSAULT_RATE_2016 | S1: ASSAULT_RATE_2017 | T1: ASSAULT_RATE_2018 | U1: ASSAULT_RATE_2019 | V1: ASSAULT_RATE_2020 | W1: ASSAULT_RATE_2021 | X1: ASSAULT_RATE_2022 | Y1: ASSAULT_RATE_2023 | Z1: ASSAULT_RATE_2024 | AA1: ASSAULT_RATE_2025 | AB1: AUTOTHEFT_2014 | AC1: AUTOTHEFT_2015 | AD1: AUTOTHEFT_2016 | AE1: AUTOTHEFT_2017 | AF1: AUTOTHEFT_2018 | AG1: AUTOTHEFT_2019 | AH1: AUTOTHEFT_2020 | AI1: AUTOTHEFT_2021 | AJ1: AUTOTHEFT_2022 | AK1: AUTOTHEFT_2023 | AL1: AUTOTHEFT_2024 | AM1: AUTOTHEFT_2025 | AN1: AUTOTHEFT_RATE_2014 | AO1: AUTOTHEFT_RATE_2015 | AP1: AUTOTHEFT_RATE_2016 | AQ1: AUTOTHEFT_RATE_2017 | AR1: AUTOTHEFT_RATE_2018 | AS1: AUTOTHEFT_RATE_2019 | AT1: AUTOTHEFT_RATE_2020 | AU1: AUTOTHEFT_RATE_2021 | AV1: AUTOTHEFT_RATE_2022 | AW1: AUTOTHEFT_RATE_2023 | AX1: AUTOTHEFT_RATE_2024 | AY1: AUTOTHEFT_RATE_2025 | AZ1: BIKETHEFT_2014 | BA1: BIKETHEFT_2015 | BB1: BIKETHEFT_2016 | BC1: BIKETHEFT_2017 | BD1: BIKETHEFT_2018 | BE1: BIKETHEFT_2019 | BF1: BIKETHEFT_2020 | BG1: BIKETHEFT_2021 | BH1: BIKETHEFT_2022 | BI1: BIKETHEFT_2023 | BJ1: BIKETHEFT_2024 | BK1: BIKETHEFT_2025 | BL1: BIKETHEFT_RATE_2014 | BM1: BIKETHEFT_RATE_2015 | BN1: BIKETHEFT_RATE_2016 | BO1: BIKETHEFT_RATE_2017 | BP1: BIKETHEFT_RATE_2018 | BQ1: BIKETHEFT_RATE_2019 | BR1: BIKETHEFT_RATE_2020 | BS1: BIKETHEFT_RATE_2021 | BT1: BIKETHEFT_RATE_2022 | BU1: BIKETHEFT_RATE_2023 | BV1: BIKETHEFT_RATE_2024 | BW1: BIKETHEFT_RATE_2025 | BX1: BREAKENTER_2014 | BY1: BREAKENTER_2015 | BZ1: BREAKENTER_2016 | CA1: BREAKENTER_2017 | CB1: BREAKENTER_2018 | CC1: BREAKENTER_2019 | CD1: BREAKENTER_2020 | CE1: BREAKENTER_2021 | CF1: BREAKENTER_2022 | CG1: BREAKENTER_2023 | CH1: BREAKENTER_2024 | CI1: BREAKENTER_2025 | CJ1: BREAKENTER_RATE_2014 | CK1: BREAKENTER_RATE_2015 | CL1: BREAKENTER_RATE_2016 | CM1: BREAKENTER_RATE_2017 | CN1: BREAKENTER_RATE_2018 | CO1: BREAKENTER_RATE_2019 | CP1: BREAKENTER_RATE_2020 | CQ1: BREAKENTER_RATE_2021 | CR1: BREAKENTER_RATE_2022 | CS1: BREAKENTER_RATE_2023 | CT1: BREAKENTER_RATE_2024 | CU1: BREAKENTER_RATE_2025 | CV1: HOMICIDE_2014 | CW1: HOMICIDE_2015 | CX1: HOMICIDE_2016 | CY1: HOMICIDE_2017 | CZ1: HOMICIDE_2018 | DA1: HOMICIDE_2019 | DB1: HOMICIDE_2020 | DC1: HOMICIDE_2021 | DD1: HOMICIDE_2022 | DE1: HOMICIDE_2023 | DF1: HOMICIDE_2024 | DG1: HOMICIDE_2025 | DH1: HOMICIDE_RATE_2014 | DI1: HOMICIDE_RATE_2015 | DJ1: HOMICIDE_RATE_2016 | DK1: HOMICIDE_RATE_2017 | DL1: HOMICIDE_RATE_2018 | DM1: HOMICIDE_RATE_2019 | DN1: HOMICIDE_RATE_2020 | DO1: HOMICIDE_RATE_2021 | DP1: HOMICIDE_RATE_2022 | DQ1: HOMICIDE_RATE_2023 | DR1: HOMICIDE_RATE_2024 | DS1: HOMICIDE_RATE_2025 | DT1: ROBBERY_2014 | DU1: ROBBERY_2015 | DV1: ROBBERY_2016 | DW1: ROBBERY_2017 | DX1: ROBBERY_2018 | DY1: ROBBERY_2019 | DZ1: ROBBERY_2020 | EA1: ROBBERY_2021 | EB1: ROBBERY_2022 | EC1: ROBBERY_2023 | ED1: ROBBERY_2024 | EE1: ROBBERY_2025 | EF1: ROBBERY_RATE_2014 | EG1: ROBBERY_RATE_2015 | EH1: ROBBERY_RATE_2016 | EI1: ROBBERY_RATE_2017 | EJ1: ROBBERY_RATE_2018 | EK1: ROBBERY_RATE_2019 | EL1: ROBBERY_RATE_2020 | EM1: ROBBERY_RATE_2021 | EN1: ROBBERY_RATE_2022 | EO1: ROBBERY_RATE_2023 | EP1: ROBBERY_RATE_2024 | EQ1: ROBBERY_RATE_2025 | ER1: SHOOTING_2014 | ES1: SHOOTING_2015 | ET1: SHOOTING_2016 | EU1: SHOOTING_2017 | EV1: SHOOTING_2018 | EW1: SHOOTING_2019 | EX1: SHOOTING_2020 | EY1: SHOOTING_2021 | EZ1: SHOOTING_2022 | FA1: SHOOTING_2023 | FB1: SHOOTING_2024 | FC1: SHOOTING_2025 | FD1: SHOOTING_RATE_2014 | FE1: SHOOTING_RATE_2015 | FF1: SHOOTING_RATE_2016 | FG1: SHOOTING_RATE_2017 | FH1: SHOOTING_RATE_2018 | FI1: SHOOTING_RATE_2019 | FJ1: SHOOTING_RATE_2020 | FK1: SHOOTING_RATE_2021 | FL1: SHOOTING_RATE_2022 | FM1: SHOOTING_RATE_2023 | FN1: SHOOTING_RATE_2024 | FO1: SHOOTING_RATE_2025 | FP1: THEFTFROMMV_2014 | FQ1: THEFTFROMMV_2015 | FR1: THEFTFROMMV_2016 | FS1: THEFTFROMMV_2017 | FT1: THEFTFROMMV_2018 | FU1: THEFTFROMMV_2019 | FV1: THEFTFROMMV_2020 | FW1: THEFTFROMMV_2021 | FX1: THEFTFROMMV_2022 | FY1: THEFTFROMMV_2023 | FZ1: THEFTFROMMV_2024 | GA1: THEFTFROMMV_2025 | GB1: THEFTFROMMV_RATE_2014 | GC1: THEFTFROMMV_RATE_2015 | GD1: THEFTFROMMV_RATE_2016 | GE1: THEFTFROMMV_RATE_2017 | GF1: THEFTFROMMV_RATE_2018 | GG1: THEFTFROMMV_RATE_2019 | GH1: THEFTFROMMV_RATE_2020 | GI1: THEFTFROMMV_RATE_2021 | GJ1: THEFTFROMMV_RATE_2022 | GK1: THEFTFROMMV_RATE_2023 | GL1: THEFTFROMMV_RATE_2024 | GM1: THEFTFROMMV_RATE_2025 | GN1: THEFTOVER_2014 | GO1: THEFTOVER_2015 | GP1: THEFTOVER_2016 | GQ1: THEFTOVER_2017 | GR1: THEFTOVER_2018 | GS1: THEFTOVER_2019 | GT1: THEFTOVER_2020 | GU1: THEFTOVER_2021 | GV1: THEFTOVER_2022 | GW1: THEFTOVER_2023 | GX1: THEFTOVER_2024 | GY1: THEFTOVER_2025 | GZ1: THEFTOVER_RATE_2014 | HA1: THEFTOVER_RATE_2015 | HB1: THEFTOVER_RATE_2016 | HC1: THEFTOVER_RATE_2017 | HD1: THEFTOVER_RATE_2018 | HE1: THEFTOVER_RATE_2019 | HF1: THEFTOVER_RATE_2020 | HG1: THEFTOVER_RATE_2021 | HH1: THEFTOVER_RATE_2022 | HI1: THEFTOVER_RATE_2023 | HJ1: THEFTOVER_RATE_2024 | HK1: THEFTOVER_RATE_2025 | HL1: POPULATION_2025 | HM1: geometry
A2: 1 | B2: South Eglinton-Davisville | C2: 174 | D2: 55 | E2: 56 | F2: 66 | G2: 73 | H2: 74 | I2: 62 | J2: 74 | K2: 106 | L2: 122 | M2: 100 | N2: 123 | O2: 126 | P2: 301.17184 | Q2: 304.91125 | R2: 342.82153 | S2: 356.34091 | T2: 340.33942 | U2: 270.68326 | V2: 309.70117 | W2: 427.83337 | X2: 474.39438 | Y2: 368.74515 | Z2: 434.36804 | AA2: 435.95599 | AB2: 2 | AC2: 4 | AD2: 8 | AE2: 7 | AF2: 14 | AG2: 8 | AH2: 15 | AI2: 16 | AJ2: 10 | AK2: 20 | AL2: 19 | AM2: 17 | AN2: 10.951703 | AO2: 21.779375 | AP2: 41.554123 | AQ2: 34.169678 | AR2: 64.388542 | AS2: 34.926872 | AT2: 62.777267 | AU2: 64.578621 | AV2: 38.884785 | AW2: 73.749031 | AX2: 67.097504 | AY2: 58.819458 | AZ2: 14 | BA2: 19 | BB2: 27 | BC2: 33 | BD2: 29 | BE2: 42 | BF2: 92 | BG2: 33 | BH2: 16 | BI2: 37 | BJ2: 21 | BK2: 6 | BL2: 76.661919 | BM2: 103.45203 | BN2: 140.24516 | BO2: 161.08562 | BP2: 133.37627 | BQ2: 183.36607 | BR2: 385.03391 | BS2: 133.19342 | BT2: 62.215656 | BU2: 136.43571 | BV2: 74.1604 | BW2: 20.759809 | BX2: 27 | BY2: 32 | BZ2: 25 | CA2: 37 | CB2: 48 | CC2: 83 | CD2: 69 | CE2: 44 | CF2: 24 | CG2: 43 | CH2: 52 | CI2: 37 | CJ2: 147.84799 | CK2: 174.235 | CL2: 129.85664 | CM2: 180.61115 | CN2: 220.76071 | CO2: 362.3663 | CP2: 288.77542 | CQ2: 177.59122 | CR2: 93.323486 | CS2: 158.56042 | CT2: 183.63527 | CU2: 128.01883 | CX2: 1 | DA2: 1 | DB2: 1 | DC2: 1 | DJ2: 5.1942654 | DM2: 4.365859 | DN2: 4.1851511 | DO2: 4.0361638 | DT2: 10 | DU2: 8 | DV2: 8 | DW2: 7 | DX2: 12 | DY2: 5 | DZ2: 16 | EA2: 9 | EB2: 15 | EC2: 3 | ED2: 16 | EE2: 7 | EF2: 54.758514 | EG2: 43.55875 | EH2: 41.554123 | EI2: 34.169678 | EJ2: 55.190178 | EK2: 21.829294 | EL2: 66.962418 | EM2: 36.325478 | EN2: 58.327175 | EO2: 11.062355 | EP2: 56.503162 | EQ2: 24.219778 | ER2: 1 | ET2: 1 | EV2: 1 | EX2: 1 | EZ2: 1 | FB2: 2 | FD2: 5.4758515 | FF2: 5.1942654 | FH2: 4.5991812 | FJ2: 4.1851511 | FL2: 3.8884785 | FN2: 7.0628953 | FP2: 13 | FQ2: 18 | FR2: 11 | FS2: 16 | FT2: 18 | FU2: 24 | FV2: 41 | FW2: 22 | FX2: 42 | FY2: 40 | FZ2: 25 | GA2: 29 | GB2: 71.186066 | GC2: 98.007187 | GD2: 57.136921 | GE2: 78.102119 | GF2: 82.785263 | GG2: 104.78062 | GH2: 171.5912 | GI2: 88.795609 | GJ2: 163.3161 | GK2: 147.49806 | GL2: 88.286186 | GM2: 100.33907 | GN2: 4 | GO2: 3 | GP2: 4 | GQ2: 1 | GR2: 3 | GS2: 3 | GT2: 4 | GU2: 6 | GV2: 3 | GW2: 8 | GX2: 6 | GY2: 6 | GZ2: 21.903406 | HA2: 16.334532 | HB2: 20.777061 | HC2: 4.8813825 | HD2: 13.797544 | HE2: 13.097577 | HF2: 16.740604 | HG2: 24.216984 | HH2: 11.665436 | HI2: 29.499613 | HJ2: 21.188684 | HK2: 20.759809 | HL2: 28902 | HM2: {"coordinates": [[[[-79.3863542900264, 43.6978398552532], [-79.3862324335582, 43.6975123126537], [-79.3863913625999, 43.6975163231888], [-79.3864595384418, 43.697527848848], [-79.3866638782195, 43.6975096621283], [-79.3870142059089, 43.6974771361906], [-79.3876488180464, 43.6974063642873], [-79.38953145332, 43.696999773808], [-79.3927582054138, 43.6962910795871], [-79.395024336872, 43.6958490228948], [-79.3951317430406, 43.6958233235762], [-79.3952865919344, 43.6957885858324], [-79.3954645320225, 43.6957510688646], [-79.3955722517031, 43.6957309415535], [-79.3957195349856, 43.6957087170035], [-79.3958885287517, 43.6956939558398], [-79.3961113953839, 43.6956752022005], [-79.3962077513761, 43.6961356148857], [-79.3964742824193, 43.6973825270482], [-79.39664595586, 43.6983097965903], [-79.3968644530865, 43.6993406140572], [-79.39695718258, 43.6997952541724], [-79.3970424282089, 43.7003038763247], [-79.3971624772669, 43.7008620363003], [-79.3972224883211, 43.7011456123612], [-79.3973474098411, 43.7018027738763], [-79.3975086466549, 43.7025206442734], [-79.3976690471371, 43.7033016755171], [-79.3976874697869, 43.7034051989394], [-79.3978289167149, 43.7041568862326], [-79.3978557080699, 43.7043594211245], [-79.3982428954321, 43.7061529917479], [-79.3983697420418, 43.7067405816983], [-79.3974775703359, 43.7069304768233], [-79.3974398976879, 43.7069385089713], [-79.3968325305546, 43.7070677693265], [-79.3954958958023, 43.7073366109847], [-79.3941367573538, 43.7076099171548], [-79.3928226110264, 43.7078697477112], [-79.391504148294, 43.7081430508011], [-79.390200414339, 43.7084163448525], [-79.3892957551523, 43.7060932436803], [-79.3889371961999, 43.7051883123124], [-79.3885743459954, 43.7043013694656], [-79.3881601624623, 43.703301859302], [-79.3878348366839, 43.702477960142], [-79.387498266693, 43.7016540477108], [-79.3870343694937, 43.7005149638112], [-79.3869765700918, 43.7003213789767], [-79.3868375054959, 43.6998441918596], [-79.3867473981847, 43.6993085443841], [-79.3865336665207, 43.6983362118586], [-79.3864819981205, 43.6981831470634], [-79.3863542900264, 43.6978398552532]]]], "type": "MultiPolygon"}
A3: 2 | B3: North Toronto | C3: 173 | D3: 53 | E3: 57 | F3: 47 | G3: 61 | H3: 66 | I3: 84 | J3: 80 | K3: 118 | L3: 136 | M3: 105 | N3: 128 | O3: 129 | P3: 455.75717 | Q3: 492.31302 | R3: 406.39862 | S3: 482.21344 | T3: 477.53418 | U3: 561.76019 | V3: 501.28455 | W3: 700.50458 | X3: 766.36987 | Y3: 554.17743 | Z3: 640.16003 | AA3: 626.76123 | AB3: 8 | AC3: 2 | AD3: 2 | AE3: 2 | AF3: 3 | AG3: 5 | AH3: 14 | AI3: 15 | AJ3: 10 | AK3: 20 | AL3: 10 | AM3: 14 | AN3: 68.793533 | AO3: 17.274141 | AP3: 17.293558 | AQ3: 15.810277 | AR3: 21.706099 | AS3: 33.438107 | AT3: 87.724792 | AU3: 89.047195 | AV3: 56.350727 | AW3: 105.55761 | AX3: 50.012505 | AY3: 68.020599 | AZ3: 8 | BA3: 13 | BB3: 9 | BC3: 14 | BD3: 18 | BE3: 22 | BF3: 52 | BG3: 23 | BH3: 12 | BI3: 22 | BJ3: 14 | BK3: 15 | BL3: 68.793533 | BM3: 112.28191 | BN3: 77.821014 | BO3: 110.67194 | BP3: 130.2366 | BQ3: 147.12767 | BR3: 325.83496 | BS3: 136.53903 | BT3: 67.620872 | BU3: 116.11337 | BV3: 70.017502 | BW3: 72.879211 | BX3: 25 | BY3: 44 | BZ3: 15 | CA3: 24 | CB3: 42 | CC3: 36 | CD3: 89 | CE3: 49 | CF3: 48 | CG3: 31 | CH3: 31 | CI3: 36 | CJ3: 214.9798 | CK3: 380.0311 | CL3: 129.70169 | CM3: 189.72333 | CN3: 303.88541 | CO3: 240.75436 | CP3: 557.67908 | CQ3: 290.88751 | CR3: 270.48349 | CS3: 163.61429 | CT3: 155.03876 | CU3: 174.91011 | DA3: 1 | DB3: 1 | DM3: 6.6876211 | DN3: 6.2660565 | DT3: 7 | DU3: 12 | DV3: 8 | DW3: 6 | DX3: 14 | DY3: 19 | DZ3: 3 | EA3: 12 | EB3: 12 | EC3: 14 | ED3: 18 | EE3: 11 | EF3: 60.194344 | EG3: 103.64484 | EH3: 69.174232 | EI3: 47.430832 | EJ3: 101.29513 | EK3: 127.0648 | EL3: 18.79817 | EM3: 71.237755 | EN3: 67.620872 | EO3: 73.890327 | EP3: 90.022507 | EQ3: 53.444759 | EW3: 1 | EY3: 1 | EZ3: 1 | FB3: 1 | FI3: 6.6876211 | FK3: 5.9364796 | FL3: 5.6350727 | FN3: 5.0012503 | FP3: 23 | FQ3: 7 | FR3: 15 | FS3: 14 | FT3: 8 | FU3: 18 | FV3: 26 | FW3: 16 | FX3: 24 | FY3: 40 | FZ3: 11 | GA3: 13 | GB3: 197.7814 | GC3: 60.459492 | GD3: 129.70169 | GE3: 110.67194 | GF3: 57.882931 | GG3: 120.37718 | GH3: 162.91748 | GI3: 94.983673 | GJ3: 135.24174 | GK3: 211.11522 | GL3: 55.013752 | GM3: 63.161987 | GN3: 2 | GO3: 3 | GP3: 2 | GQ3: 2 | GR3: 5 | GS3: 4 | GT3: 7 | GU3: 2 | GV3: 4 | GW3: 7 | GX3: 6 | GY3: 5 | GZ3: 17.198383 | HA3: 25.911211 | HB3: 17.293558 | HC3: 15.810277 | HD3: 36.176834 | HE3: 26.750484 | HF3: 43.862396 | HG3: 11.872959 | HH3: 22.540291 | HI3: 36.945164 | HJ3: 30.007502 | HK3: 24.293072 | HL3: 20582 | HM3: {"coordinates": [[[[-79.3974398976879, 43.7069385089713], [-79.3983697420418, 43.7067405816983], [-79.3986310808226, 43.7079940611376], [-79.398681627227, 43.7082183179117], [-79.3988724581394, 43.7090963176949], [-79.3990006746799, 43.7095919421506], [-79.3992914701172, 43.710920903594], [-79.3993199098808, 43.7110852368503], [-79.3994798297642, 43.711847559868], [-79.399566439934, 43.712296943698], [-79.399372772142, 43.7123391241091], [-79.3989526732027, 43.7124163981867], [-79.3985914534404, 43.7124804825853], [-79.3978734488985, 43.7126268878588], [-79.395517942256, 43.7131171912401], [-79.3931238125479, 43.7136100203025], [-79.392203721203, 43.7137944115991], [-79.3917825020646, 43.7126146502055], [-79.3914609024979, 43.7117202850687], [-79.391230127098, 43.7111373418527], [-79.3906609194997, 43.7096241452835], [-79.390200414339, 43.7084163448525], [-79.391504148294, 43.7081430508011], [-79.3928226110264, 43.7078697477112], [-79.3941367573538, 43.7076099171548], [-79.3954958958023, 43.7073366109847], [-79.3968325305546, 43.7070677693265], [-79.3974398976879, 43.7069385089713]]]], "type": "MultiPolygon"}
A4: 3 | B4: Dovercourt Village | C4: 172 | D4: 62 | E4: 65 | F4: 92 | G4: 105 | H4: 106 | I4: 113 | J4: 91 | K4: 115 | L4: 103 | M4: 104 | N4: 118 | O4: 128 | P4: 456.15067 | Q4: 481.41016 | R4: 680.17151 | S4: 777.89301 | T4: 785.94202 | U4: 841.14935 | V4: 685.60236 | W4: 878.80176 | X4: 786.80011 | Y4: 783.84082 | Z4: 883.76276 | AA4: 974.94098 | AB4: 11 | AC4: 15 | AD4: 18 | AE4: 15 | AF4: 12 | AG4: 13 | AH4: 24 | AI4: 11 | AJ4: 25 | AK4: 29 | AL4: 36 | AM4: 17 | AN4: 80.929962 | AO4: 111.09465 | AP4: 133.07704 | AQ4: 111.12757 | AR4: 88.974571 | AS4: 96.769394 | AT4: 180.81821 | AU4: 84.059303 | AV4: 190.9709 | AW4: 218.571 | AX4: 269.62253 | AY4: 129.48434 | AZ4: 29 | BA4: 35 | BB4: 55 | BC4: 47 | BD4: 30 | BE4: 27 | BF4: 32 | BG4: 27 | BH4: 20 | BI4: 38 | BJ4: 34 | BK4: 23 | BL4: 213.36079 | BM4: 259.22086 | BN4: 406.62427 | BO4: 348.19974 | BP4: 222.43642 | BQ4: 200.98257 | BR4: 241.09094 | BS4: 206.32738 | BT4: 152.77672 | BU4: 286.40338 | BV4: 254.64349 | BW4: 175.18471 | BX4: 38 | BY4: 22 | BZ4: 38 | CA4: 39 | CB4: 50 | CC4: 83 | CD4: 47 | CE4: 19 | CF4: 33 | CG4: 46 | CH4: 45 | CI4: 31 | CJ4: 279.57623 | CK4: 162.93883 | CL4: 280.9404 | CM4: 288.9317 | CN4: 370.72736 | CO4: 617.83533 | CP4: 354.10233 | CQ4: 145.19333 | CR4: 252.08159 | CS4: 346.69882 | CT4: 337.02817 | CU4: 236.11852 | CV4: 1 | CY4: 1 | DA4: 2 | DB4: 1 | DH4: 7.3572688 | DK4: 7.408505 | DM4: 14.887599 | DN4: 7.5340919 | DT4: 29 | DU4: 27 | DV4: 16 | DW4: 42 | DX4: 35 | DY4: 17 | DZ4: 16 | EA4: 22 | EB4: 14 | EC4: 21 | ED4: 12 | EE4: 9 | EF4: 213.36079 | EG4: 199.97037 | EH4: 118.2907 | EI4: 311.1572 | EJ4: 259.50916 | EK4: 126.54459 | EL4: 120.54547 | EM4: 168.11861 | EN4: 106.9437 | EO4: 158.27554 | EP4: 89.874176 | EQ4: 68.550537 | ET4: 2 | EY4: 2 | FA4: 1 | FB4: 2 | FF4: 14.786338 | FK4: 15.283509 | FM4: 7.536931 | FN4: 14.97903 | FP4: 45 | FQ4: 38 | FR4: 51 | FS4: 43 | FT4: 87 | FU4: 79 | FV4: 68 | FW4: 18 | FX4: 29 | FY4: 25 | FZ4: 22 | GA4: 19 | GB4: 331.07712 | GC4: 281.43979 | GD4: 377.05161 | GE4: 318.5657 | GF4: 645.06561 | GG4: 588.06012 | GH4: 512.31824 | GI4: 137.55157 | GJ4: 221.52625 | GK4: 188.42328 | GL4: 164.76932 | GM4: 144.7178 | GN4: 5 | GO4: 3 | GP4: 5 | GQ4: 3 | GR4: 4 | GS4: 4 | GT4: 3 | GU4: 2 | GV4: 4 | GW4: 3 | GX4: 7 | GY4: 3 | GZ4: 36.786346 | HA4: 22.218931 | HB4: 36.965843 | HC4: 22.225515 | HD4: 29.65819 | HE4: 29.775198 | HF4: 22.602276 | HG4: 15.283509 | HH4: 30.555344 | HI4: 22.610792 | HJ4: 52.426601 | HK4: 22.85018 | HL4: 13129 | HM4: {"coordinates": [[[[-79.4341164165158, 43.6601538576501], [-79.4353691001115, 43.6598923457509], [-79.4355345634987, 43.6602810449928], [-79.4366816133018, 43.6629756534973], [-79.4367072790678, 43.6630357519051], [-79.4370626507975, 43.6638680774736], [-79.4374415152686, 43.6647239350082], [-79.437619772462, 43.6651298663564], [-79.4378108683775, 43.6655687229151], [-79.4379274723963, 43.6658597276168], [-79.4381883045272, 43.666436845523], [-79.4387032547807, 43.6676693880402], [-79.4389080670722, 43.6681596562064], [-79.4390391797812, 43.6684734047818], [-79.4392823330674, 43.6689922811114], [-79.4392928262882, 43.6690150782769], [-79.4366375850731, 43.6695294404342], [-79.4366240330887, 43.6695397843194], [-79.4362899137019, 43.6696116183585], [-79.4359561976587, 43.6696744411517], [-79.4352049985704, 43.6698360687182], [-79.4350410326748, 43.669876481065], [-79.434876302313, 43.6699124021174], [-79.4347115593747, 43.6699483140514], [-79.4345468272162, 43.6699842246643], [-79.4343816989007, 43.6700201450025], [-79.4342161744281, 43.6700560542729], [-79.4340506742101, 43.6700919648214], [-79.4338847679535, 43.6701233821477], [-79.43371887607, 43.6701547910105], [-79.4335526104873, 43.6701861985573], [-79.433383605043, 43.670217613885], [-79.4330122837254, 43.6702821709412], [-79.4329491132963, 43.670293871425], [-79.4293996638945, 43.6709812901789], [-79.4269763515161, 43.6714505290524], [-79.4229326759945, 43.6722217547361], [-79.4218563334857, 43.6724270647182], [-79.421547392978, 43.67163074861], [-79.4212300936466, 43.670783927772], [-79.4210940249322, 43.6704306305295], [-79.4209360822406, 43.6700204841861], [-79.4206443902847, 43.6692625144275], [-79.4202954370176, 43.6683475194401], [-79.4202051212973, 43.6681272118218], [-79.4199376847524, 43.6673998071041], [-79.4197631349061, 43.6669395091445], [-79.4197535965945, 43.6669143705725], [-79.4196273617375, 43.6665814573249], [-79.419595466155, 43.6664999010239], [-79.4194711366247, 43.6661820489254], [-79.4187943072621, 43.66445135939], [-79.4185781726048, 43.6639561858158], [-79.418419790637, 43.6635933372292], [-79.4188737174349, 43.6634815303566], [-79.4189382865409, 43.6634673987631], [-79.4202522190694, 43.6631798299245], [-79.4209181842069, 43.6630340655373], [-79.4216266845732, 43.6628811173064], [-79.4220632190889, 43.6627868831494], [-79.4232718412182, 43.6625185247646], [-79.424436276117, 43.6622586666639], [-79.4246485992226, 43.6622071482523], [-79.4256627280081, 43.6619934993497], [-79.4268616231796, 43.6617451422675], [-79.4280573176537, 43.6614891098502], [-79.4282085364553, 43.6614450720812], [-79.4294412531972, 43.6611593450438], [-79.4302399893338, 43.6609922390646], [-79.4304241304923, 43.6609537177223], [-79.4311353482623, 43.6607995040801], [-79.4316756453798, 43.6606697865598], [-79.4324384183623, 43.6604970629537], [-79.4329201264587, 43.6604005459212], [-79.4330379674577, 43.660374142541], [-79.4338386933626, 43.6601946898414], [-79.4341164165158, 43.6601538576501]]]], "type": "MultiPolygon"}
A5: 4 | B5: Junction-Wallace Emerson | C5: 171 | D5: 164 | E5: 159 | F5: 171 | G5: 161 | H5: 163 | I5: 186 | J5: 171 | K5: 182 | L5: 138 | M5: 230 | N5: 195 | O5: 200 | P5: 698.25861 | Q5: 667.03027 | R5: 697.90222 | S5: 652.87915 | T5: 655.40814 | U5: 743.34583 | V5: 685.34326 | W5: 734.67084 | X5: 541.36755 | Y5: 864.66168 | Z5: 709.19409 | AA5: 720.02014 | AB5: 21 | AC5: 18 | AD5: 14 | AE5: 18 | AF5: 34 | AG5: 24 | AH5: 47 | AI5: 35 | AJ5: 47 | AK5: 37 | AL5: 47 | AM5: 30 | AN5: 89.411163 | AO5: 75.512856 | AP5: 57.138191 | AQ5: 72.992699 | AR5: 136.71089 | AS5: 95.915596 | AT5: 188.3692 | AU5: 141.28285 | AV5: 184.3788 | AW5: 139.09775 | AX5: 170.93396 | AY5: 108.00302 | AZ5: 42 | BA5: 41 | BB5: 50 | BC5: 63 | BD5: 67 | BE5: 70 | BF5: 54 | BG5: 36 | BH5: 34 | BI5: 55 | BJ5: 41 | BK5: 43 | BL5: 178.82233 | BM5: 172.00151 | BN5: 204.06497 | BO5: 255.47446 | BP5: 269.40088 | BQ5: 279.75381 | BR5: 216.42419 | BS5: 145.3195 | BT5: 133.3804 | BU5: 206.76692 | BV5: 149.11259 | BW5: 154.80434 | BX5: 37 | BY5: 46 | BZ5: 41 | CA5: 51 | CB5: 91 | CC5: 103 | CD5: 110 | CE5: 76 | CF5: 56 | CG5: 82 | CH5: 77 | CI5: 64 | CJ5: 157.53395 | CK5: 192.97731 | CL5: 167.33328 | CM5: 206.81265 | CN5: 365.90268 | CO5: 411.63776 | CP5: 440.86411 | CQ5: 306.78561 | CR5: 219.68538 | CS5: 308.27069 | CT5: 280.04074 | CU5: 230.40645 | CV5: 1 | CW5: 3 | CY5: 1 | DA5: 1 | DH5: 4.2576747 | DI5: 12.585476 | DK5: 4.05515 | DM5: 3.9964831 | DT5: 26 | DU5: 30 | DV5: 27 | DW5: 30 | DX5: 22 | DY5: 32 | DZ5: 23 | EA5: 11 | EB5: 20 | EC5: 18 | ED5: 12 | EE5: 10 | EF5: 110.69954 | EG5: 125.85477 | EH5: 110.19508 | EI5: 121.6545 | EJ5: 88.459991 | EK5: 127.88746 | EL5: 92.180672 | EM5: 44.403179 | EN5: 78.459061 | EO5: 67.669174 | EP5: 43.642712 | EQ5: 36.001007 | ES5: 2 | ET5: 1 | EU5: 5 | EV5: 3 | EW5: 2 | EX5: 4 | EY5: 4 | EZ5: 3 | FA5: 2 | FC5: 1 | FE5: 8.3903179 | FF5: 4.0812993 | FG5: 20.275751 | FH5: 12.062726 | FI5: 7.9929662 | FJ5: 16.031422 | FK5: 16.146612 | FL5: 11.76886 | FM5: 7.5187969 | FO5: 3.6001008 | FP5: 74 | FQ5: 26 | FR5: 48 | FS5: 72 | FT5: 153 | FU5: 124 | FV5: 144 | FW5: 53 | FX5: 63 | FY5: 58 | FZ5: 71 | GA5: 56 | GB5: 315.0679 | GC5: 109.07413 | GD5: 195.90237 | GE5: 291.97079 | GF5: 615.19904 | GG5: 495.5639 | GH5: 577.13116 | GI5: 213.9426 | GJ5: 247.14606 | GK5: 218.04512 | GL5: 258.21939 | GM5: 201.60565 | GN5: 5 | GO5: 5 | GP5: 6 | GQ5: 6 | GR5: 9 | GS5: 4 | GT5: 9 | GU5: 8 | GV5: 8 | GW5: 9 | GX5: 13 | GY5: 9 | GZ5: 21.288372 | HA5: 20.975794 | HB5: 24.487797 | HC5: 24.3309 | HD5: 36.188179 | HE5: 15.985932 | HF5: 36.070698 | HG5: 32.293224 | HH5: 31.383625 | HI5: 33.834587 | HJ5: 47.279606 | HK5: 32.400906 | HL5: 27777 | HM5: {"coordinates": [[[[-79.4387032547807, 43.6676693880402], [-79.4384114999427, 43.6669710964218], [-79.4381883045272, 43.666436845523], [-79.4379274723963, 43.6658597276168], [-79.4378108683775, 43.6655687229151], [-79.437619772462, 43.6651298663564], [-79.4374415152686, 43.6647239350082], [-79.4370626507975, 43.6638680774736], [-79.4367072790678, 43.6630357519051], [-79.4366816133018, 43.6629756534973], [-79.4355345634987, 43.6602810449928], [-79.4353691001115, 43.6598923457509], [-79.4364447679856, 43.6596586616269], [-79.4376111378555, 43.6594350174206], [-79.4386741340942, 43.6592211168925], [-79.439178318039, 43.6591067367409], [-79.4397467162552, 43.6589989495707], [-79.4403922294487, 43.6588670945458], [-79.4407507641466, 43.6587903727589], [-79.4415820157031, 43.6586030144836], [-79.4417380288135, 43.6585700950554], [-79.4427372788029, 43.6583469979125], [-79.4440001421074, 43.6580982501004], [-79.4452218760467, 43.6578426902127], [-79.4452537078488, 43.6578360266963], [-79.4469374543217, 43.657485155409], [-79.4469920395517, 43.657473776085], [-79.4477753884458, 43.6573105190414], [-79.4480944583566, 43.6572431358505], [-79.4487996017186, 43.6570875420026], [-79.4489375371322, 43.657062454548], [-79.4496546361724, 43.6569257533754], [-79.4498738286949, 43.6568839661794], [-79.4513459464601, 43.6583825619187], [-79.4520346290929, 43.659082843338], [-79.4534456695035, 43.6605158106942], [-79.4535413346914, 43.6606148737671], [-79.4545500223812, 43.6616409646507], [-79.4560227950181, 43.6631390757961], [-79.4572819401957, 43.6644205440937], [-79.457820672448, 43.664968106548], [-79.4593211913491, 43.6664929642462], [-79.4600491411396, 43.6672345431539], [-79.4594744268686, 43.6672328926434], [-79.458562066425, 43.6672222578968], [-79.4580805775175, 43.6672166461599], [-79.4564324923647, 43.6671974599424], [-79.454969080173, 43.6671804564233], [-79.4531012644067, 43.6671509103036], [-79.4522129931858, 43.6671484897682], [-79.4522075862261, 43.6671482265959], [-79.4521164997512, 43.6671438949744], [-79.4520200197914, 43.6671393541143], [-79.4519235218653, 43.6671393229235], [-79.4518266574265, 43.6671347807635], [-79.451790362794, 43.6671345676263], [-79.4517301639919, 43.6671302483502], [-79.4516336795405, 43.6671302171594], [-79.4515368106102, 43.6671301762215], [-79.4514403270571, 43.667130143731], [-79.4513434329739, 43.6671301027932], [-79.4512473285099, 43.6671345715252], [-79.4511504479014, 43.6671345299375], [-79.4510539472803, 43.6671389895718], [-79.4509574502525, 43.6671389479841], [-79.4508609460382, 43.6671479166374], [-79.4507644499086, 43.6671478756995], [-79.4506679492876, 43.6671523340333], [-79.4505718169758, 43.667161294237], [-79.4504934084245, 43.6671657610173], [-79.4504753280328, 43.6671657532196], [-79.4503792091957, 43.6671747127715], [-79.4502830930536, 43.6671791717531], [-79.4501873479156, 43.6671850531637], [-79.4500915650485, 43.6671909969551], [-79.4499926686205, 43.667199180633], [-79.4497938714481, 43.6672140540781], [-79.4496784810533, 43.6672239227033], [-79.4495680260026, 43.6672328757485], [-79.4494571747948, 43.6672418281425], [-79.449346725134, 43.6672462793214], [-79.4492362584052, 43.6672552323633], [-79.4491261995115, 43.6672641841041], [-79.449018637036, 43.6672694832794], [-79.4491290804087, 43.667538726253], [-79.4491642737065, 43.667624255338], [-79.4492006240345, 43.6677052831218], [-79.4492373848926, 43.667786311446], [-79.4492748976405, 43.6678718317309], [-79.4493135790967, 43.6679528611298], [-79.4493526549132, 43.6680383902745], [-79.4493924907045, 43.6681194200984], [-79.4494335176618, 43.6682004504628], [-79.4494748994537, 43.6682859727567], [-79.4495174625302, 43.668367003546], [-79.4495604002041, 43.6684480257786], [-79.4496041292938, 43.6685290569988], [-79.449649013617, 43.6686100796625], [-79.4496942815208, 43.6686911119636], [-79.4497403291623, 43.6687721344085], [-79.4497871484566, 43.6688531671406], [-79.4498347349121, 43.6689341913161], [-79.4498827318977, 43.6690152244792], [-79.4499322524261, 43.6690962490857], [-79.4499817792426, 43.6691727731633], [-79.4500324918354, 43.6692538073039], [-79.4500839527248, 43.6693303318305], [-79.4501358052796, 43.6694113670579], [-79.4501888283392, 43.6694878920333], [-79.4502422322845, 43.6695689276979], [-79.4502964096793, 43.6696454622191], [-79.4503513793882, 43.6697219888454], [-79.4504070911055, 43.6698030241938], [-79.4504635987301, 43.6698795603659], [-79.4505201072531, 43.6699560964404], [-79.4512542491308, 43.6708869335857], [-79.4513825276551, 43.6710495793192], [-79.4511036501667, 43.6711061953486], [-79.4494702120445, 43.6713747960406], [-79.4494227109289, 43.6713826061845], [-79.448307057245, 43.6715660494073], [-79.4474937719941, 43.6717047042083], [-79.4472364450894, 43.671740878222], [-79.4460516983837, 43.6719460326082], [-79.4456183169546, 43.6720186031891], [-79.4451054840303, 43.672102557383], [-79.4447543828914, 43.6721739120853], [-79.4445522421895, 43.672217272738], [-79.44376949337, 43.67238516096], [-79.4426276043882, 43.6726308074536], [-79.442114897228, 43.6727411119619], [-79.441865231156, 43.672798791331], [-79.4409992848666, 43.6729988526497], [-79.4398105622174, 43.6732642312474], [-79.4395288253914, 43.6733310610702], [-79.4383989379018, 43.6737017808385], [-79.4383505824884, 43.6737169853376], [-79.4380946461757, 43.6737974708131], [-79.4376559386354, 43.6739143946261], [-79.4374745939323, 43.673949527083], [-79.4373311096253, 43.6739727615859], [-79.4371442348933, 43.6739828305176], [-79.4359311867646, 43.6741507150998], [-79.4346540483319, 43.6742992255437], [-79.4344846817648, 43.673888371437], [-79.433341416564, 43.6711147072739], [-79.4331800575794, 43.6707232354347], [-79.4330954964668, 43.6705009248426], [-79.4330122837254, 43.6702821709412], [-79.433383605043, 43.670217613885], [-79.4335526104873, 43.6701861985573], [-79.43371887607, 43.6701547910105], [-79.4338847679535, 43.6701233821477], [-79.4340506742101, 43.6700919648214], [-79.4342161744281, 43.6700560542729], [-79.4343816989007, 43.6700201450025], [-79.4345468272162, 43.6699842246643], [-79.4347115593747, 43.6699483140514], [-79.434876302313, 43.6699124021174], [-79.4350410326748, 43.669876481065], [-79.4352049985704, 43.6698360687182], [-79.4359561976587, 43.6696744411517], [-79.4362899137019, 43.6696116183585], [-79.4366240330887, 43.6695397843194], [-79.4366375850731, 43.6695294404342], [-79.4392928262882, 43.6690150782769], [-79.4392823330674, 43.6689922811114], [-79.4390391797812, 43.6684734047818], [-79.4389080670722, 43.6681596562064], [-79.4387032547807, 43.6676693880402]]]], "type": "MultiPolygon"}
A6: 5 | B6: Yonge-Bay Corridor | C6: 170 | D6: 387 | E6: 521 | F6: 481 | G6: 602 | H6: 576 | I6: 660 | J6: 377 | K6: 325 | L6: 441 | M6: 543 | N6: 554 | O6: 560 | P6: 3750 | Q6: 4761.9048 | R6: 4119.5615 | S6: 4949.8438 | T6: 4541.1543 | U6: 5015.1978 | V6: 2785.1655 | W6: 2345.385 | X6: 3042.2185 | Y6: 3523.686 | Z6: 3416.8003 | AA6: 3361.1428 | AB6: 13 | AC6: 20 | AD6: 20 | AE6: 14 | AF6: 32 | AG6: 37 | AH6: 16 | AI6: 18 | AJ6: 30 | AK6: 48 | AL6: 38 | AM6: 27 | AN6: 125.96899 | AO6: 182.79865 | AP6: 171.29153 | AQ6: 115.11265 | AR6: 252.28635 | AS6: 281.15503 | AT6: 118.20331 | AU6: 129.89824 | AV6: 206.95364 | AW6: 311.48605 | AX6: 234.36536 | AY6: 162.0551 | AZ6: 220 | BA6: 154 | BB6: 202 | BC6: 214 | BD6: 263 | BE6: 220 | BF6: 172 | BG6: 167 | BH6: 229 | BI6: 228 | BJ6: 192 | BK6: 137 | BL6: 2131.783 | BM6: 1407.5496 | BN6: 1730.0446 | BO6: 1759.579 | BP6: 2073.4785 | BQ6: 1671.7325 | BR6: 1270.6855 | BS6: 1205.1671 | BT6: 1579.7461 | BU6: 1479.5587 | BV6: 1184.1619 | BW6: 822.2796 | BX6: 69 | BY6: 115 | BZ6: 60 | CA6: 125 | CB6: 99 | CC6: 119 | CD6: 148 | CE6: 112 | CF6: 123 | CG6: 108 | CH6: 95 | CI6: 92 | CJ6: 668.60468 | CK6: 1051.0922 | CL6: 513.87463 | CM6: 1027.7915 | CN6: 780.51086 | CO6: 904.25531 | CP6: 1093.3806 | CQ6: 808.25574 | CR6: 848.50995 | CS6: 700.84363 | CT6: 585.91339 | CU6: 552.18774 | CV6: 1 | CW6: 2 | CZ6: 1 | DA6: 2 | DC6: 1 | DD6: 1 | DE6: 1 | DF6: 1 | DG6: 2 | DH6: 9.6899223 | DI6: 18.279865 | DL6: 7.8839483 | DM6: 15.197568 | DO6: 7.2165694 | DP6: 6.8984547 | DQ6: 6.4892926 | DR6: 6.1675096 | DS6: 12.004082 | DT6: 72 | DU6: 52 | DV6: 73 | DW6: 86 | DX6: 90 | DY6: 63 | DZ6: 55 | EA6: 50 | EB6: 55 | EC6: 60 | ED6: 65 | EE6: 50 | EF6: 697.67444 | EG6: 475.27649 | EH6: 625.21411 | EI6: 707.12054 | EJ6: 709.55536 | EK6: 478.72342 | EL6: 406.32388 | EM6: 360.82846 | EN6: 379.41501 | EO6: 389.35757 | EP6: 400.88812 | EQ6: 300.10202 | ER6: 1 | ES6: 3 | EU6: 3 | EV6: 4 | EW6: 4 | EX6: 2 | EZ6: 1 | FA6: 2 | FB6: 1 | FC6: 2 | FD6: 9.6899223 | FE6: 27.419798 | FG6: 24.666996 | FH6: 31.535793 | FI6: 30.395136 | FJ6: 14.775414 | FL6: 6.8984547 | FM6: 12.978585 | FN6: 6.1675096 | FO6: 12.004082 | FP6: 120 | FQ6: 102 | FR6: 77 | FS6: 86 | FT6: 112 | FU6: 171 | FV6: 135 | FW6: 63 | FX6: 107 | FY6: 76 | FZ6: 77 | GA6: 67 | GB6: 1162.7906 | GC6: 932.27307 | GD6: 659.47241 | GE6: 707.12054 | GF6: 883.0022 | GG6: 1299.3921 | GH6: 997.34045 | GI6: 454.64386 | GJ6: 738.13464 | GK6: 493.18625 | GL6: 474.89822 | GM6: 402.13672 | GN6: 37 | GO6: 30 | GP6: 27 | GQ6: 35 | GR6: 44 | GS6: 63 | GT6: 35 | GU6: 26 | GV6: 51 | GW6: 52 | GX6: 48 | GY6: 35 | GZ6: 358.52713 | HA6: 274.19797 | HB6: 231.24358 | HC6: 287.78162 | HD6: 346.89374 | HE6: 478.72342 | HF6: 258.56973 | HG6: 187.6308 | HH6: 351.8212 | HI6: 337.44321 | HJ6: 296.04047 | HK6: 210.07143 | HL6: 16661 | HM6: {"coordinates": [[[[-79.3840431592607, 43.6449736752406], [-79.3850247331003, 43.644784189146], [-79.3855651128628, 43.6460625747369], [-79.3861138146182, 43.6474036687174], [-79.386372697405, 43.6480179011607], [-79.3866245688409, 43.6486468331157], [-79.3868843759941, 43.6492632342524], [-79.3871409743652, 43.6499149972361], [-79.3872928049195, 43.65026704634], [-79.3874340218788, 43.6505945017637], [-79.3875195693416, 43.6506815031586], [-79.3866318703476, 43.6508614282289], [-79.3869995220473, 43.6517645027111], [-79.3872484479074, 43.6523227783319], [-79.3875547967755, 43.6530431440201], [-79.3875852550535, 43.6531164719093], [-79.3879417496774, 43.653975181957], [-79.3883177575059, 43.6547987692274], [-79.388324091527, 43.6548126909804], [-79.38860240667, 43.6554741128636], [-79.3886916381238, 43.6556861815823], [-79.3889710725676, 43.6563565316139], [-79.3889750476128, 43.6563660588636], [-79.3893311155369, 43.6571405206203], [-79.389492612862, 43.6575381492737], [-79.3896511259838, 43.657928447582], [-79.3899392354583, 43.6585993353958], [-79.3899871506973, 43.6587098008694], [-79.3903102944679, 43.659454829365], [-79.3904978402414, 43.6598674232397], [-79.3874287290052, 43.660523449383], [-79.3866856372123, 43.660670030914], [-79.3858581810378, 43.6608242468384], [-79.3837092635544, 43.6612608070319], [-79.3831136167407, 43.6613804028409], [-79.3827994031223, 43.6605919421357], [-79.3824939301116, 43.6599214151771], [-79.3821210807597, 43.6591045550426], [-79.3819385898063, 43.6586994050757], [-79.3819284559116, 43.6586766117913], [-79.3815904602944, 43.6579163956871], [-79.381373197353, 43.6574245341138], [-79.3812290105634, 43.6570465166225], [-79.3809296371135, 43.6563373575235], [-79.3806781187154, 43.6557826574483], [-79.3799772154015, 43.654071387593], [-79.3792621672151, 43.6524485263358], [-79.3789879106606, 43.6517005926152], [-79.3787427792842, 43.6510640715951], [-79.3784733044619, 43.6504160656692], [-79.3779215547228, 43.6491573300215], [-79.3776514941989, 43.6485320681666], [-79.377373572518, 43.6478548758168], [-79.3769775493267, 43.6468933753162], [-79.3770276923875, 43.646819050486], [-79.3771055269153, 43.6467574121789], [-79.3775461703251, 43.646478508839], [-79.3776590840647, 43.6464295100644], [-79.3777924596299, 43.6463508632391], [-79.377895744328, 43.6463063898956], [-79.377926154097, 43.6462924609705], [-79.3780367474883, 43.6462380037046], [-79.3781869655667, 43.6461914742169], [-79.3784725408939, 43.646110091079], [-79.3791382059941, 43.6459956424014], [-79.3824743010243, 43.6453008390508], [-79.3825381155455, 43.6452868981917], [-79.3834299396033, 43.6450920319972], [-79.3839961019129, 43.6449827551129], [-79.3840431592607, 43.6449736752406]]]], "type": "MultiPolygon"}
A7: 6 | B7: Bay-Cloverhill | C7: 169 | D7: 107 | E7: 101 | F7: 122 | G7: 155 | H7: 136 | I7: 166 | J7: 106 | K7: 146 | L7: 122 | M7: 142 | N7: 122 | O7: 145 | P7: 764.06738 | Q7: 691.92297 | R7: 794.16742 | S7: 959.03973 | T7: 800.51801 | U7: 935.94946 | V7: 578.82379 | W7: 778.25159 | X7: 610.24408 | Y7: 656.82965 | Z7: 528.06995 | AA7: 601.93451 | AB7: 7 | AC7: 5 | AD7: 8 | AE7: 7 | AF7: 19 | AG7: 13 | AH7: 9 | AI7: 24 | AJ7: 15 | AK7: 16 | AL7: 8 | AM7: 4 | AN7: 49.985718 | AO7: 34.253613 | AP7: 52.076553 | AQ7: 43.31147 | AR7: 111.83707 | AS7: 73.297249 | AT7: 49.145416 | AU7: 127.93177 | AV7: 75.030014 | AW7: 74.008972 | AX7: 34.627537 | AY7: 16.605089 | AZ7: 76 | BA7: 86 | BB7: 97 | BC7: 100 | BD7: 100 | BE7: 66 | BF7: 59 | BG7: 59 | BH7: 67 | BI7: 56 | BJ7: 44 | BK7: 57 | BL7: 542.70209 | BM7: 589.16217 | BN7: 631.42822 | BO7: 618.73529 | BP7: 588.61615 | BQ7: 372.12448 | BR7: 322.17551 | BS7: 314.49893 | BT7: 335.13406 | BU7: 259.0314 | BV7: 190.45146 | BW7: 236.62253 | BX7: 26 | BY7: 45 | BZ7: 59 | CA7: 54 | CB7: 72 | CC7: 82 | CD7: 80 | CE7: 38 | CF7: 43 | CG7: 63 | CH7: 70 | CI7: 69 | CJ7: 185.66124 | CK7: 308.28253 | CL7: 384.06458 | CM7: 334.11707 | CN7: 423.80365 | CO7: 462.33649 | CP7: 436.84814 | CQ7: 202.55864 | CR7: 215.08603 | CS7: 291.41034 | CT7: 302.99097 | CU7: 286.43781 | DA7: 1 | DM7: 5.6382499 | DT7: 12 | DU7: 15 | DV7: 19 | DW7: 22 | DX7: 29 | DY7: 36 | DZ7: 18 | EA7: 21 | EB7: 20 | EC7: 20 | ED7: 18 | EE7: 18 | EF7: 85.689804 | EG7: 102.76084 | EH7: 123.68181 | EI7: 136.12177 | EJ7: 170.69868 | EK7: 202.97699 | EL7: 98.290833 | EM7: 111.9403 | EN7: 100.04002 | EO7: 92.511215 | EP7: 77.911957 | EQ7: 74.7229 | EV7: 1 | EZ7: 1 | FA7: 1 | FH7: 5.8861618 | FL7: 5.0020008 | FM7: 4.6255608 | FP7: 38 | FQ7: 24 | FR7: 25 | FS7: 18 | FT7: 32 | FU7: 33 | FV7: 35 | FW7: 21 | FX7: 26 | FY7: 40 | FZ7: 61 | GA7: 35 | GB7: 271.35104 | GC7: 164.41734 | GD7: 162.73923 | GE7: 111.37235 | GF7: 188.35718 | GG7: 186.06224 | GH7: 191.12106 | GI7: 111.9403 | GJ7: 130.05202 | GK7: 185.02243 | GL7: 264.03497 | GM7: 145.29453 | GN7: 16 | GO7: 13 | GP7: 13 | GQ7: 14 | GR7: 9 | GS7: 10 | GT7: 7 | GU7: 10 | GV7: 9 | GW7: 13 | GX7: 25 | GY7: 21 | GZ7: 114.25307 | HA7: 89.059395 | HB7: 84.624397 | HC7: 86.62294 | HD7: 52.975456 | HE7: 56.3825 | HF7: 38.224213 | HG7: 53.304905 | HH7: 45.018005 | HI7: 60.13229 | HJ7: 108.21105 | HK7: 87.17672 | HL7: 24089 | HM7: {"coordinates": [[[[-79.3874287290052, 43.660523449383], [-79.3904978402414, 43.6598674232397], [-79.390633581969, 43.6601660741664], [-79.3906426459702, 43.6601860301437], [-79.3906789909083, 43.6602659963113], [-79.3906938454498, 43.6602788204449], [-79.3907069842092, 43.6603013356213], [-79.3907201193753, 43.6603193510058], [-79.390734418758, 43.6603373676847], [-79.3907495203362, 43.6603508832772], [-79.3907649731557, 43.6603689018962], [-79.3907812155944, 43.6603824194313], [-79.3907978344271, 43.660400437391], [-79.3908156318495, 43.660418457295], [-79.3908334355601, 43.6604319761186], [-79.3908520100253, 43.6604454955892], [-79.3908713435668, 43.6604635167793], [-79.3908910696722, 43.6604770381924], [-79.3909115898882, 43.6604905589525], [-79.3909324829051, 43.6605040816592], [-79.3909541547613, 43.6605176037131], [-79.3909762254695, 43.6605311264137], [-79.3909986546055, 43.660544650411], [-79.3910214888817, 43.6605536739895], [-79.3910451091838, 43.6605671979818], [-79.391068724096, 43.6605762222067], [-79.3910931331189, 43.6605852464303], [-79.3911175178873, 43.6605942713025], [-79.3911426877832, 43.6606077972353], [-79.3911676411852, 43.6606175870114], [-79.3911997550583, 43.6606234508682], [-79.3912193571961, 43.660630373377], [-79.3913010445982, 43.6606619470772], [-79.3913521560429, 43.6606799980968], [-79.3914024787668, 43.6607025488661], [-79.3914527934058, 43.6607296006798], [-79.3915023606466, 43.6607521611786], [-79.3915515299337, 43.6607747106211], [-79.3916002707244, 43.6608017611025], [-79.3916482748965, 43.6608243183248], [-79.3916962709838, 43.6608513681341], [-79.3917431010579, 43.6608784166313], [-79.3918160352758, 43.6609316473053], [-79.3919267472447, 43.6610124313218], [-79.3920522212286, 43.6611304945744], [-79.3921372225157, 43.6612228655479], [-79.3922179711783, 43.6613365034147], [-79.3922814407464, 43.6614545978737], [-79.3923012620731, 43.6614914493801], [-79.3924084930703, 43.6617307789127], [-79.3924965998334, 43.6619049923592], [-79.3929126123364, 43.6624326816712], [-79.3929524103984, 43.6624831718129], [-79.3931092149245, 43.6627736754868], [-79.3932123073832, 43.6630774223953], [-79.3935914997393, 43.6640877898731], [-79.3938607005755, 43.6648141059655], [-79.3938684099172, 43.6648366161919], [-79.393875338623, 43.6648591257601], [-79.3938811147903, 43.66488163467], [-79.3938861130165, 43.6649086436613], [-79.3938907231706, 43.6649311519028], [-79.3938945526886, 43.6649536588362], [-79.3938972170917, 43.6649761644615], [-79.3938991107404, 43.6649986603309], [-79.3939006217067, 43.6650211737374], [-79.3939006064353, 43.6650298333874], [-79.3939005812825, 43.6650436682902], [-79.3939005417566, 43.6650661712825], [-79.393898944552, 43.6650931736924], [-79.393896958377, 43.6651156753664], [-79.3938942158204, 43.6651381763822], [-79.3938903000641, 43.6651651768102], [-79.39388560996, 43.6651876758579], [-79.3938805228005, 43.6652101742474], [-79.3938746568017, 43.6652326726284], [-79.3938676481459, 43.6652551697014], [-79.3938598579557, 43.6652776648164], [-79.393851299706, 43.6653001605728], [-79.3938419608203, 43.6653226550212], [-79.3938335696573, 43.6653420367863], [-79.3938322248793, 43.6653451494611], [-79.3938213355014, 43.6653676432428], [-79.3938096726741, 43.665385634363], [-79.3937991929279, 43.6654081281295], [-79.3937969776825, 43.6654125554009], [-79.3937879190711, 43.6654306212378], [-79.3937758645783, 43.6654531136877], [-79.3937630483142, 43.6654711132301], [-79.3937494505157, 43.6654891036696], [-79.3937354619501, 43.6655115941482], [-79.3937203154561, 43.665529582626], [-79.3937047763984, 43.6655520620424], [-79.3936888600481, 43.6655700589559], [-79.3936714066805, 43.6655880461166], [-79.3936539290583, 43.6656060319722], [-79.3936356869698, 43.665628518508], [-79.3936170630974, 43.6656420030175], [-79.3935972660251, 43.6656599875573], [-79.393577084474, 43.6656779707921], [-79.3935561348632, 43.6656959540215], [-79.3935348079601, 43.6657094365664], [-79.3935130651369, 43.6657274184867], [-79.3934905722205, 43.6657408997248], [-79.3934676831471, 43.66575438031], [-79.3934440305057, 43.6657723615671], [-79.3934199763173, 43.6657858408457], [-79.3933955367517, 43.6657993201212], [-79.3933934391855, 43.665800443015], [-79.3933567600741, 43.6658360721372], [-79.3933240416348, 43.6658683657018], [-79.3932823939416, 43.6659157455075], [-79.3932496764007, 43.6659545021503], [-79.3932139450119, 43.6660148048687], [-79.3931960685378, 43.6660686613137], [-79.393181125063, 43.6661182172063], [-79.3931721311304, 43.6661699213589], [-79.3931720709433, 43.6662108683752], [-79.3931719900949, 43.6662561360026], [-79.3931539743819, 43.6663810938936], [-79.3935294396279, 43.6672736569888], [-79.3941446526469, 43.6687288440434], [-79.3910298620785, 43.6693669107913], [-79.3905883796422, 43.6694560611122], [-79.3895108181196, 43.6696776458707], [-79.3880216422455, 43.6699829978845], [-79.3874108660058, 43.6701080929171], [-79.3867913042425, 43.6702349758692], [-79.3865607255737, 43.6696956577918], [-79.3864281935266, 43.6693768966735], [-79.3861635112163, 43.6687508609102], [-79.3861162903751, 43.6686394398732], [-79.3858592706942, 43.6680044187969], [-79.3856956165141, 43.6675708947892], [-79.3853434068541, 43.6667036144945], [-79.3853298018691, 43.6666788741592], [-79.3852620221843, 43.6665557129757], [-79.3850549865625, 43.6660722502688], [-79.3850435662802, 43.666046206784], [-79.384957094451, 43.6658490003521], [-79.3845991212002, 43.6649458680006], [-79.3841608996484, 43.6639125384628], [-79.3841405222645, 43.6638637488646], [-79.3837920846304, 43.663029852542], [-79.3837368660882, 43.6629046511281], [-79.3834250348019, 43.6621446737682], [-79.3833897193331, 43.6620630854449], [-79.3831136167407, 43.6613804028409], [-79.3837092635544, 43.6612608070319], [-79.3858581810378, 43.6608242468384], [-79.3866856372123, 43.660670030914], [-79.3874287290052, 43.660523449383]]]], "type": "MultiPolygon"}
A8: 7 | B8: Bendale-Glen Andrew | C8: 156 | D8: 137 | E8: 149 | F8: 174 | G8: 168 | H8: 183 | I8: 204 | J8: 134 | K8: 129 | L8: 166 | M8: 242 | N8: 196 | O8: 180 | P8: 734.93909 | Q8: 787.69293 | R8: 875.20746 | S8: 838.40704 | T8: 905.04449 | U8: 1002.1615 | V8: 660.55408 | W8: 640.86639 | X8: 820.03656 | Y8: 1172.3102 | Z8: 938.06836 | AA8: 871.75513 | AB8: 38 | AC8: 39 | AD8: 42 | AE8: 26 | AF8: 39 | AG8: 38 | AH8: 48 | AI8: 77 | AJ8: 84 | AK8: 152 | AL8: 128 | AM8: 96 | AN8: 203.85173 | AO8: 206.17467 | AP8: 211.25697 | AQ8: 129.75346 | AR8: 192.87834 | AS8: 186.67714 | AT8: 236.61638 | AU8: 382.53265 | AV8: 414.95825 | AW8: 736.32709 | AX8: 612.61609 | AY8: 464.93607 | AZ8: 10 | BA8: 7 | BB8: 4 | BC8: 23 | BD8: 2 | BE8: 3 | BF8: 1 | BG8: 4 | BH8: 6 | BI8: 10 | BJ8: 14 | BK8: 12 | BL8: 53.645191 | BM8: 37.005711 | BN8: 20.119713 | BO8: 114.78191 | BP8: 9.8911972 | BQ8: 14.73767 | BR8: 4.9295082 | BS8: 19.871826 | BT8: 29.639875 | BU8: 48.44257 | BV8: 67.004883 | BW8: 58.117008 | BX8: 71 | BY8: 33 | BZ8: 30 | CA8: 27 | CB8: 33 | CC8: 30 | CD8: 20 | CE8: 19 | CF8: 24 | CG8: 28 | CH8: 23 | CI8: 30 | CJ8: 380.88086 | CK8: 174.45549 | CL8: 150.89784 | CM8: 134.74399 | CN8: 163.20474 | CO8: 147.37669 | CP8: 98.590164 | CQ8: 94.391174 | CR8: 118.5595 | CS8: 135.63921 | CT8: 110.07944 | CU8: 145.29253 | CX8: 2 | DA8: 1 | DB8: 1 | DD8: 2 | DF8: 2 | DG8: 2 | DJ8: 10.059856 | DM8: 4.9125566 | DN8: 4.9295082 | DP8: 9.8799582 | DR8: 9.5721264 | DS8: 9.6861677 | DT8: 53 | DU8: 55 | DV8: 49 | DW8: 67 | DX8: 44 | DY8: 35 | DZ8: 19 | EA8: 49 | EB8: 54 | EC8: 52 | ED8: 56 | EE8: 46 | EF8: 284.31952 | EG8: 290.75916 | EH8: 246.46648 | EI8: 334.36472 | EJ8: 217.60632 | EK8: 171.93948 | EL8: 93.660652 | EM8: 243.42987 | EN8: 266.75888 | EO8: 251.90137 | EP8: 268.01953 | EQ8: 222.78186 | ER8: 1 | ES8: 1 | ET8: 3 | EU8: 5 | EV8: 1 | EW8: 3 | EX8: 7 | EY8: 5 | EZ8: 7 | FA8: 1 | FB8: 3 | FC8: 3 | FD8: 5.3645191 | FE8: 5.28653 | FF8: 15.089785 | FG8: 24.952591 | FH8: 4.9455986 | FI8: 14.73767 | FJ8: 34.506557 | FK8: 24.839783 | FL8: 34.579853 | FM8: 4.8442574 | FN8: 14.358189 | FO8: 14.529252 | FP8: 84 | FQ8: 64 | FR8: 45 | FS8: 64 | FT8: 53 | FU8: 50 | FV8: 44 | FW8: 41 | FX8: 69 | FY8: 77 | FZ8: 71 | GA8: 60 | GB8: 450.6196 | GC8: 338.33792 | GD8: 226.34676 | GE8: 319.39316 | GF8: 262.11673 | GG8: 245.62782 | GH8: 216.89835 | GI8: 203.68622 | GJ8: 340.85858 | GK8: 373.00781 | GL8: 339.81049 | GM8: 290.58505 | GN8: 6 | GO8: 8 | GP8: 8 | GQ8: 17 | GR8: 13 | GS8: 8 | GT8: 4 | GU8: 7 | GV8: 13 | GW8: 20 | GX8: 15 | GY8: 17 | GZ8: 32.187115 | HA8: 42.29224 | HB8: 40.239426 | HC8: 84.838806 | HD8: 64.292778 | HE8: 39.300453 | HF8: 19.718033 | HG8: 34.775696 | HH8: 64.219727 | HI8: 96.885139 | HJ8: 71.790947 | HK8: 82.332428 | HL8: 20648 | HM8: {"coordinates": [[[[-79.2639217033978, 43.751762053982], [-79.2650557024765, 43.7515303051844], [-79.2651341245025, 43.7517194918767], [-79.265199264937, 43.7519356542643], [-79.2653164654372, 43.7523319480007], [-79.2654023093441, 43.752611161398], [-79.2655119846571, 43.7529444303009], [-79.2655787743985, 43.7531335930566], [-79.2656540711856, 43.7533317732724], [-79.2657147227386, 43.7535029208052], [-79.2657855405257, 43.7536560779041], [-79.2659078380669, 43.7539443660296], [-79.2663811657799, 43.7551874813433], [-79.2666687147058, 43.7559081647129], [-79.2671828609671, 43.7572683833291], [-79.2674502921221, 43.7579620103271], [-79.2678370204451, 43.7589169046187], [-79.2683126631167, 43.7601599886503], [-79.2689252198174, 43.7617363822778], [-79.2692742880688, 43.7626011737125], [-79.2696908332728, 43.7636821381284], [-79.2701850180701, 43.7649612908849], [-79.2705610456616, 43.7658891677029], [-79.2707999588996, 43.7665377409447], [-79.2708561179779, 43.7666728715135], [-79.2708874934358, 43.7667899496111], [-79.2709249738444, 43.7669340437199], [-79.2709577991832, 43.7670781277508], [-79.2710202401803, 43.7673933030196], [-79.2710771628266, 43.7677354613677], [-79.2711136461052, 43.7679335607866], [-79.2711796372443, 43.7681454278531], [-79.2712087579309, 43.7683194963315], [-79.2712532065711, 43.7685070341172], [-79.2712964083498, 43.7686793046219], [-79.2713462001693, 43.7688108034342], [-79.2713844890617, 43.7689423421771], [-79.271457270566, 43.7691429617023], [-79.2716536072528, 43.7696659535089], [-79.2718958343759, 43.7702699473561], [-79.2719744630144, 43.770455726918], [-79.2720395962624, 43.7706139983347], [-79.2723254626437, 43.7713176574732], [-79.2726244282585, 43.7720540532757], [-79.2729222071987, 43.7727548997304], [-79.2729895215562, 43.7729745991713], [-79.2733078296957, 43.7736854318904], [-79.2736854257456, 43.7746164594054], [-79.2740145873303, 43.7754479453638], [-79.2742842328325, 43.7761034382957], [-79.2745211050982, 43.7766655972234], [-79.2746561021225, 43.7769532789373], [-79.2747113170714, 43.7771196304874], [-79.2747156649174, 43.777132779888], [-79.2747758412617, 43.7772817065553], [-79.2747796698814, 43.7772910479039], [-79.2746897763692, 43.7773112399225], [-79.2717896274582, 43.7779447304752], [-79.269059123592, 43.7785112430173], [-79.2679949379839, 43.7787155294053], [-79.2660371694166, 43.7790973098757], [-79.2648771524323, 43.7793217136071], [-79.2647697480603, 43.7793425016449], [-79.2647958207632, 43.7794067959237], [-79.263921145544, 43.7795066517175], [-79.2637109092248, 43.779547326117], [-79.2603478602445, 43.7802164365112], [-79.2579690405238, 43.7806594377407], [-79.2549830575874, 43.7812311481598], [-79.2549779084442, 43.7812171403026], [-79.2549489018437, 43.7811405769731], [-79.2549189870464, 43.7810641834719], [-79.2549059515933, 43.7810317242953], [-79.2548883643767, 43.7809879585025], [-79.2548569952069, 43.7809119396828], [-79.2548359665444, 43.7808621718813], [-79.2548248921136, 43.7808359914612], [-79.2548056987093, 43.7807934377149], [-79.2548023363152, 43.7807860134577], [-79.2547918700438, 43.7807602928454], [-79.2547581625594, 43.7806847906528], [-79.2547236600659, 43.7806093765715], [-79.2546884371237, 43.7805342315555], [-79.2546523428155, 43.7804592648047], [-79.2546156268733, 43.7803845029115], [-79.2545780162089, 43.7803098751813], [-79.2545396958756, 43.780235542463], [-79.2545006308388, 43.7801613698525], [-79.254460656707, 43.7800874831756], [-79.2542285212577, 43.7796155759225], [-79.2542214398384, 43.7795973966071], [-79.25403463787, 43.7791171250992], [-79.2538519160496, 43.7786603277527], [-79.2535885201268, 43.7780018033708], [-79.253564854909, 43.7779411475671], [-79.2535626315787, 43.7779380640865], [-79.2531342124433, 43.7768371171261], [-79.2529269109201, 43.7763161319584], [-79.2525906876789, 43.7754470353294], [-79.2524001100914, 43.7749610373725], [-79.2522431142241, 43.774582702035], [-79.2521940203955, 43.7744718272667], [-79.2518753152007, 43.7736580788048], [-79.2517533922571, 43.7733220432873], [-79.2516891699008, 43.7731421682967], [-79.2516409770824, 43.7729851470542], [-79.2516089027352, 43.7728712750975], [-79.251580646228, 43.7727506256843], [-79.2515558401497, 43.7726303970113], [-79.2515337532718, 43.7725167630884], [-79.2515127273043, 43.7724017005835], [-79.2515016313139, 43.7721506338871], [-79.251428728537, 43.7719434482077], [-79.2513354070537, 43.7716102027426], [-79.251068227427, 43.770889526876], [-79.2508137266221, 43.7701921024655], [-79.2507658041967, 43.7700607604304], [-79.2504033986582, 43.7690968447392], [-79.250214300596, 43.7686463638677], [-79.2497403189094, 43.7674391514281], [-79.2489615109991, 43.7654301459722], [-79.2486288378999, 43.7646013155575], [-79.2482104080304, 43.7634842568875], [-79.2476119216421, 43.7619887409435], [-79.2472440489568, 43.7610428035761], [-79.2468865266602, 43.7601663228885], [-79.2468545053136, 43.7600878153988], [-79.2466732369674, 43.7596283540307], [-79.2462251186761, 43.7583942334266], [-79.2459543502798, 43.7576784779964], [-79.2459150004771, 43.757574454015], [-79.2459111772473, 43.7575654359476], [-79.245823545693, 43.7573582224563], [-79.2457544032639, 43.7571870548056], [-79.2457060712067, 43.7570519300607], [-79.2456400342535, 43.7568807693198], [-79.245595627834, 43.7567366509956], [-79.24555891818, 43.75661055253], [-79.2455175795072, 43.7564754427043], [-79.2455164799693, 43.7564709397519], [-79.2454845834885, 43.7561853597429], [-79.2454750334987, 43.756003938277], [-79.2454754619951, 43.7559057535992], [-79.2454758473724, 43.7558086581754], [-79.2454584838363, 43.7557392476624], [-79.2454398096581, 43.755627177171], [-79.2454259747044, 43.7555571344672], [-79.2467621620957, 43.7552720652867], [-79.2484913211013, 43.7549248368571], [-79.250884620766, 43.7544350034751], [-79.2509369700892, 43.7544240195297], [-79.2515643139578, 43.7542924547023], [-79.2553704021548, 43.7535355538975], [-79.2559172704486, 43.7534197067286], [-79.2566478693709, 43.753251322518], [-79.2568455966497, 43.7532056475167], [-79.2580789547887, 43.7529832085751], [-79.2585264703104, 43.7528671299847], [-79.2601389588219, 43.7525464373026], [-79.2616450984817, 43.7522255002184], [-79.2624629336995, 43.7520741466117], [-79.2639217033978, 43.751762053982]]]], "type": "MultiPolygon"}
A9: 8 | B9: Downsview | C9: 155 | D9: 111 | E9: 125 | F9: 128 | G9: 133 | H9: 121 | I9: 138 | J9: 124 | K9: 138 | L9: 141 | M9: 203 | N9: 208 | O9: 187 | P9: 703.51123 | Q9: 792.24237 | R9: 806.96002 | S9: 803.38269 | T9: 699.90747 | U9: 767.7757 | V9: 669.51031 | W9: 728.42438 | X9: 707.86688 | Y9: 956.14905 | Z9: 928.94464 | AA9: 811.10388 | AB9: 37 | AC9: 36 | AD9: 36 | AE9: 30 | AF9: 37 | AG9: 70 | AH9: 53 | AI9: 60 | AJ9: 128 | AK9: 102 | AL9: 82 | AM9: 77 | AN9: 234.50374 | AO9: 228.1658 | AP9: 226.9575 | AQ9: 181.21414 | AR9: 214.02129 | AS9: 389.45142 | AT9: 286.16165 | AU9: 316.70627 | AV9: 642.60254 | AW9: 480.42957 | AX9: 366.21857 | AY9: 333.98395 | AZ9: 7 | BA9: 4 | BB9: 9 | BC9: 4 | BD9: 9 | BE9: 8 | BF9: 5 | BG9: 6 | BH9: 4 | BI9: 8 | BJ9: 8 | BK9: 8 | BL9: 44.365574 | BM9: 25.351755 | BN9: 56.739376 | BO9: 24.161884 | BP9: 52.059231 | BQ9: 44.508736 | BR9: 26.996382 | BS9: 31.670626 | BT9: 20.081329 | BU9: 37.680748 | BV9: 35.728642 | BW9: 34.699631 | BX9: 30 | BY9: 33 | BZ9: 28 | CA9: 26 | CB9: 42 | CC9: 37 | CD9: 45 | CE9: 28 | CF9: 32 | CG9: 74 | CH9: 30 | CI9: 38 | CJ9: 190.13817 | CK9: 209.15198 | CL9: 176.52251 | CM9: 157.05225 | CN9: 242.94308 | CO9: 205.85291 | CP9: 242.96744 | CQ9: 147.79625 | CR9: 160.65063 | CS9: 348.54694 | CT9: 133.98241 | CU9: 164.82324 | CV9: 1 | CZ9: 1 | DA9: 2 | DB9: 2 | DH9: 6.3379388 | DL9: 5.784359 | DM9: 11.127184 | DN9: 10.798553 | DT9: 29 | DU9: 24 | DV9: 13 | DW9: 18 | DX9: 32 | DY9: 21 | DZ9: 6 | EA9: 11 | EB9: 26 | EC9: 28 | ED9: 19 | EE9: 29 | EF9: 183.80023 | EG9: 152.11053 | EH9: 81.956879 | EI9: 108.72848 | EJ9: 185.09949 | EK9: 116.83543 | EL9: 32.39566 | EM9: 58.062813 | EN9: 130.52864 | EO9: 131.88263 | EP9: 84.855522 | EQ9: 125.78616 | ER9: 4 | ES9: 2 | ET9: 2 | EU9: 5 | EV9: 2 | EW9: 7 | EX9: 3 | EZ9: 3 | FA9: 3 | FB9: 1 | FC9: 2 | FD9: 25.351755 | FE9: 12.675878 | FF9: 12.60875 | FG9: 30.202356 | FH9: 11.568718 | FI9: 38.945145 | FJ9: 16.19783 | FL9: 15.060997 | FM9: 14.130281 | FN9: 4.4660802 | FO9: 8.6749077 | FP9: 60 | FQ9: 50 | FR9: 61 | FS9: 51 | FT9: 62 | FU9: 72 | FV9: 76 | FW9: 56 | FX9: 64 | FY9: 70 | FZ9: 50 | GA9: 47 | GB9: 380.27634 | GC9: 316.89694 | GD9: 384.56689 | GE9: 308.06403 | GF9: 358.63025 | GG9: 400.57861 | GH9: 410.345 | GI9: 295.5925 | GJ9: 321.30127 | GK9: 329.70657 | GL9: 223.304 | GM9: 203.86034 | GN9: 5 | GO9: 11 | GP9: 3 | GQ9: 12 | GR9: 3 | GS9: 7 | GT9: 10 | GU9: 5 | GV9: 15 | GW9: 17 | GX9: 14 | GY9: 19 | GZ9: 31.689695 | HA9: 69.717331 | HB9: 18.913126 | HC9: 72.485657 | HD9: 17.353077 | HE9: 38.945145 | HF9: 53.992764 | HG9: 26.392187 | HH9: 75.304985 | HI9: 80.071594 | HJ9: 62.525124 | HK9: 82.411621 | HL9: 23055 | HM9: {"coordinates": [[[[-79.4645340574507, 43.7501532434908], [-79.4643003221019, 43.750122962797], [-79.4640241763903, 43.7501451541916], [-79.4639621396352, 43.7501467641348], [-79.4633936282312, 43.7502597287019], [-79.4627748030864, 43.7503859054406], [-79.4597447218527, 43.7510422726157], [-79.4595166063644, 43.7510924999951], [-79.4591014427694, 43.7500406602818], [-79.4587110367435, 43.7490816574936], [-79.4586793154342, 43.7490037493402], [-79.4583779369446, 43.7482268179735], [-79.4583195832821, 43.7480957755395], [-79.4582716743313, 43.7480308953596], [-79.4582343053138, 43.7480057135506], [-79.4581389716043, 43.7480033293736], [-79.4562575724126, 43.7484116484729], [-79.4549011387914, 43.7487102680823], [-79.4547342309133, 43.748332078839], [-79.4545503251134, 43.7478916129893], [-79.4544723854827, 43.747694392705], [-79.4540422128359, 43.746605991941], [-79.4539222940337, 43.7463169955047], [-79.45388672524, 43.7462312275471], [-79.4536101734899, 43.7455437101589], [-79.4535907662865, 43.7454954749713], [-79.4532932298913, 43.7447557591937], [-79.4528819551032, 43.7437205407408], [-79.4528081270615, 43.7435347346157], [-79.4555114811449, 43.7428846172858], [-79.4557963396165, 43.7428255535326], [-79.4571028044499, 43.7425545924881], [-79.4596730695307, 43.742021485942], [-79.4587757935974, 43.7398679931141], [-79.4577371111602, 43.7400721661555], [-79.4565058847234, 43.7403141793665], [-79.4560639396548, 43.7385722649758], [-79.4557971004895, 43.7382813598787], [-79.4555053995504, 43.7369133390873], [-79.4527325257455, 43.734368317225], [-79.4532722111103, 43.7340244855585], [-79.4530452625336, 43.7335639698889], [-79.4528666532006, 43.7333916936952], [-79.4530655905101, 43.7333486330076], [-79.4576635885458, 43.7323531818792], [-79.4589220132745, 43.7321012103839], [-79.4586432929913, 43.7309312644851], [-79.4583852671973, 43.7299917481134], [-79.4583705069789, 43.7299380503171], [-79.458142005215, 43.7291060097193], [-79.4579679009332, 43.7283831191688], [-79.4579445465324, 43.7282861946147], [-79.4578928574709, 43.7280770491582], [-79.4626876718938, 43.7270341211332], [-79.4661487037154, 43.7262896525679], [-79.4691595044082, 43.7256603273666], [-79.4693804630186, 43.7256147416725], [-79.4696012967632, 43.7255685879152], [-79.4698217460289, 43.7255217771563], [-79.4700419464612, 43.7254743717151], [-79.4702619115349, 43.7254262807056], [-79.4704816277753, 43.7253776411025], [-79.4707010835043, 43.7253283529312], [-79.4709202787218, 43.7252783532195], [-79.4711391146133, 43.7252277847852], [-79.4713578130624, 43.7251765963417], [-79.4715761387108, 43.7251247950283], [-79.4717940933549, 43.7250723172237], [-79.4725699520961, 43.7248785020376], [-79.4733051288331, 43.7246948524606], [-79.4755443395789, 43.7241514984805], [-79.4781764357007, 43.7235072815929], [-79.481252357065, 43.7227553591602], [-79.4813170995459, 43.7227394912675], [-79.481356823946, 43.7229134107246], [-79.4813775732325, 43.7230042908021], [-79.4814341679937, 43.7232521489304], [-79.4814511362711, 43.7233292927288], [-79.4814671235882, 43.7234066246955], [-79.4814822404378, 43.7234840383613], [-79.4814964904132, 43.7235614331004], [-79.4815098842941, 43.7236390354823], [-79.4815222711635, 43.7237167182639], [-79.4815339151262, 43.7237944184731], [-79.4815445646539, 43.7238721731137], [-79.4815543338326, 43.7239500535969], [-79.481563258595, 43.7240279158014], [-79.48157130211, 43.7241058674931], [-79.4815784778525, 43.7241839365869], [-79.4815846600583, 43.7242619601356], [-79.4815899726949, 43.7243400199373], [-79.4815944166606, 43.7244181516971], [-79.4815933135294, 43.7244518341516], [-79.4816972836421, 43.7251198606092], [-79.4817010619562, 43.7251440828187], [-79.4817121974724, 43.7252156808396], [-79.482073007603, 43.726650976865], [-79.4837051701174, 43.7262894974169], [-79.4854791954798, 43.7258821602414], [-79.4862837032921, 43.727709034862], [-79.4880595010306, 43.7273096510688], [-79.488069050122, 43.7274142197103], [-79.4882352079069, 43.7278388515323], [-79.4882745334551, 43.7279476004229], [-79.4882853042553, 43.7279691950306], [-79.4883206358938, 43.7280020991061], [-79.4884004107826, 43.7280035467085], [-79.4884961047165, 43.7279762830925], [-79.489753195447, 43.7276920621259], [-79.4898195315392, 43.7276773055917], [-79.4898815961422, 43.7276563204332], [-79.489949558185, 43.7276376124961], [-79.490018572155, 43.7276330736182], [-79.4900818602634, 43.727650172956], [-79.4901320383586, 43.727686964981], [-79.4901614456077, 43.727748769456], [-79.4901856120855, 43.7278333019418], [-79.490382609034, 43.7283074690715], [-79.4906307102408, 43.7282427342769], [-79.4912236648036, 43.7280378055384], [-79.4914408118623, 43.727942786329], [-79.4914993290182, 43.7279993188007], [-79.4915140613888, 43.7280068450346], [-79.4915607504274, 43.7280588217223], [-79.4916266759895, 43.7281328791256], [-79.4916767130492, 43.7282044878552], [-79.4917305562707, 43.7283124162109], [-79.4919489142583, 43.7288058168246], [-79.4927269235664, 43.7306159828418], [-79.4930819790892, 43.7314446582399], [-79.4934458991872, 43.7322318191772], [-79.493771072252, 43.7330443519609], [-79.4939879102902, 43.7335536798838], [-79.4940886132302, 43.7336631758836], [-79.4941373522243, 43.7336223768142], [-79.4941990637894, 43.7335966716207], [-79.4943398765068, 43.7335629787303], [-79.4944863863397, 43.7335232174863], [-79.4946500387232, 43.7334772651987], [-79.4947993045875, 43.7334440850223], [-79.4949147156436, 43.7334244221339], [-79.4949853384963, 43.7334159099635], [-79.4951207846782, 43.7334085979601], [-79.4960563548938, 43.7337612750213], [-79.4981683785684, 43.7345573887499], [-79.4980353874821, 43.7345712030752], [-79.4979493450476, 43.7346328602458], [-79.4979456305139, 43.734725023941], [-79.4979570328298, 43.7348848944348], [-79.4977845877363, 43.7349857059961], [-79.4976328290471, 43.7349153392639], [-79.4975973258305, 43.7348897488624], [-79.4975805435043, 43.7348698287661], [-79.4975637602799, 43.7348399531527], [-79.497537804358, 43.7347968006886], [-79.4975210220319, 43.7347746756515], [-79.4974950903646, 43.7347536566314], [-79.4974599967797, 43.7347348347266], [-79.4974218498212, 43.7347281992216], [-79.497366930418, 43.7347270912486], [-79.4973028248427, 43.7347237595406], [-79.4972646886639, 43.7347270802143], [-79.4972067033107, 43.7347337215611], [-79.497151771331, 43.7347447733785], [-79.497121244781, 43.734759147813], [-79.4970892027732, 43.7347890215195], [-79.4970678480222, 43.7348211020666], [-79.4970312138266, 43.7348365922426], [-79.4969762944234, 43.7348421262555], [-79.4969163103186, 43.7348388568651], [-79.4967779733581, 43.7347757368901], [-79.4964728327241, 43.7348509783384], [-79.4962735378851, 43.7348793253759], [-79.4962064283435, 43.7348888829972], [-79.496034610274, 43.7350106816843], [-79.495887023361, 43.7351550652202], [-79.4957025408427, 43.7352918854447], [-79.4954638387088, 43.7353519510042], [-79.4952350647554, 43.7352823616393], [-79.4950180811901, 43.7352749810624], [-79.4950926638165, 43.7354190666877], [-79.4952131835917, 43.7355422533005], [-79.4952039749617, 43.7356526984933], [-79.4952091681224, 43.7357581839772], [-79.4951619877053, 43.7358515428143], [-79.4950974096162, 43.7359857574086], [-79.4950492329675, 43.736117515655], [-79.4948524336483, 43.7362079233049], [-79.4946629843448, 43.7363014560378], [-79.4945470181298, 43.7364876772911], [-79.4943955460032, 43.7366731126088], [-79.4943801372012, 43.7368317946775], [-79.4944125115857, 43.7368685388739], [-79.4945359104613, 43.7370086043348], [-79.4945542738224, 43.7372412057395], [-79.4944903218589, 43.7374389602285], [-79.4943855324828, 43.7375665918922], [-79.4943073080861, 43.7376964125093], [-79.4942775181547, 43.7377742626864], [-79.494233689352, 43.7378343166693], [-79.4943732264617, 43.738125333626], [-79.4945611845619, 43.738257129352], [-79.4946649768081, 43.7384783028833], [-79.494713139982, 43.738682471577], [-79.4947234517432, 43.7388737478691], [-79.4946560331811, 43.7390893329314], [-79.4947765763124, 43.7392832520589], [-79.4952872200424, 43.7395065940843], [-79.4954314813922, 43.7396756607935], [-79.49564079604, 43.7397088654251], [-79.4958285277647, 43.7398103250253], [-79.4960025880291, 43.7399567102468], [-79.496149462578, 43.7400840814797], [-79.49623638087, 43.7402598963269], [-79.4963150921535, 43.7404665855568], [-79.4963661326313, 43.7406530924022], [-79.4964176447246, 43.740832316775], [-79.4965820256418, 43.7409894925064], [-79.4967655289965, 43.741107503511], [-79.4969248200593, 43.7412729507408], [-79.4970109846648, 43.7414701779037], [-79.497016211063, 43.7417213305282], [-79.4969365053445, 43.741952561114], [-79.4968638648757, 43.742158884957], [-79.4969402225732, 43.7423561844845], [-79.4970269234728, 43.7425274081831], [-79.4964806202193, 43.742642824089], [-79.4964461536585, 43.7426501051112], [-79.4942465783797, 43.7431147939695], [-79.4934280802052, 43.7432949714684], [-79.4925548854097, 43.7434871662599], [-79.4918534350217, 43.7436577357975], [-79.490904948829, 43.7438647293491], [-79.4900495550492, 43.7440513962889], [-79.4893161704512, 43.7442114352763], [-79.4886818906903, 43.7443498578856], [-79.4885223391161, 43.7443852975785], [-79.4881149163038, 43.7444758173471], [-79.4876790222869, 43.744572389917], [-79.4874645890387, 43.7446192811848], [-79.4872179709505, 43.7446757901271], [-79.4869033782431, 43.7447163233761], [-79.4867054479449, 43.7447439071001], [-79.4864557037195, 43.7447861120422], [-79.4850131584936, 43.7450451298321], [-79.4848365407256, 43.7450922822621], [-79.4846019564689, 43.7451665295149], [-79.4843533432225, 43.7452822420999], [-79.4841825671987, 43.7453472881483], [-79.4840019600125, 43.7454480671687], [-79.4839177672092, 43.7454953120824], [-79.4838219430195, 43.745573888038], [-79.4836316735541, 43.7456791847188], [-79.4834934075605, 43.7458102311454], [-79.4833735112162, 43.7459180752072], [-79.4832918543569, 43.7459911260623], [-79.4830848798204, 43.7462379630138], [-79.4829759096849, 43.7463877628679], [-79.4828836670783, 43.7466525831003], [-79.4828135877063, 43.7468322191143], [-79.4827763426564, 43.746987843694], [-79.4827436026575, 43.747197648624], [-79.4827365158482, 43.7473622522748], [-79.482725460282, 43.7475529051123], [-79.482725015616, 43.7477136583016], [-79.4827893161257, 43.7482957933324], [-79.482872004251, 43.750804558921], [-79.4829186636451, 43.7522186096927], [-79.4829021562035, 43.752408064794], [-79.4828676375403, 43.7525307375768], [-79.4828006735258, 43.7527336501313], [-79.48273874906, 43.7528539421562], [-79.4826439408649, 43.7530258054699], [-79.4826033091663, 43.7530706883293], [-79.4825422174388, 43.7531416352328], [-79.4824602084398, 43.753237557275], [-79.4823915663724, 43.7533101683443], [-79.4822559099847, 43.753451430146], [-79.4821078819989, 43.7535630401198], [-79.4819995325992, 43.7536551415833], [-79.4819375425564, 43.7536963130803], [-79.4817012991114, 43.7538416624938], [-79.4815793833543, 43.753909169482], [-79.4812946075278, 43.7540567608615], [-79.4811021946821, 43.7541253460222], [-79.4809804262487, 43.7541616545981], [-79.4807081405979, 43.7542285772471], [-79.4806168735617, 43.7542510026572], [-79.4802901562929, 43.7543298597564], [-79.4795002757484, 43.7545007345082], [-79.4785830679955, 43.754708178507], [-79.4751892023094, 43.7554810826712], [-79.4749408073535, 43.7555223703539], [-79.4747142288827, 43.755540881413], [-79.4745461469065, 43.7555453721072], [-79.4742993725114, 43.755543155634], [-79.4737707840353, 43.7555259876965], [-79.4732875335316, 43.7554593396649], [-79.4730976153075, 43.7554194554052], [-79.4729694490727, 43.7553852200264], [-79.4724294960099, 43.7551907197752], [-79.4717088279631, 43.7549111738697], [-79.4709720522249, 43.754620754353], [-79.4703645575309, 43.7543751173294], [-79.4699033238364, 43.7541873314968], [-79.4696655721201, 43.7540368484399], [-79.4691935343877, 43.7537363529195], [-79.4688634960473, 43.7534874159921], [-79.4685410763188, 43.7532092539685], [-79.4681643354651, 43.7528327017262], [-79.4672231067615, 43.7519330710348], [-79.4664411655275, 43.7511976623797], [-79.465719671929, 43.7505190907362], [-79.4656401692297, 43.750466985592], [-79.4655031069786, 43.7504035213002], [-79.4653791259946, 43.7503515828244], [-79.465256522128, 43.7503029394549], [-79.4651324593974, 43.7502666175064], [-79.4649868469814, 43.7502182187063], [-79.4648260494439, 43.750188735554], [-79.4645340574507, 43.7501532434908]]]], "type": "MultiPolygon"}
A10: 9 | B10: Oakdale-Beverley Heights | C10: 154 | D10: 220 | E10: 232 | F10: 230 | G10: 277 | H10: 302 | I10: 295 | J10: 235 | K10: 292 | L10: 309 | M10: 447 | N10: 405 | O10: 285 | P10: 1081.7721 | Q10: 1144.1534 | R10: 1134.6259 | S10: 1332.4354 | T10: 1413.3284 | U10: 1349.1882 | V10: 1059.2266 | W10: 1303.1061 | X10: 1348.9916 | Y10: 1882.6602 | Z10: 1658.6125 | AA10: 1162.2217 | AB10: 68 | AC10: 70 | AD10: 53 | AE10: 56 | AF10: 74 | AG10: 91 | AH10: 101 | AI10: 113 | AJ10: 110 | AK10: 167 | AL10: 109 | AM10: 111 | AN10: 334.36594 | AO10: 345.21872 | AP10: 261.45724 | AQ10: 269.37323 | AR10: 346.31226 | AS10: 416.19025 | AT10: 455.24203 | AU10: 504.28418 | AV10: 480.22351 | AW10: 703.36517 | AX10: 446.392 | AY10: 452.65475 | AZ10: 5 | BA10: 8 | BB10: 7 | BC10: 1 | BD10: 7 | BE10: 8 | BF10: 11 | BG10: 9 | BH10: 14 | BI10: 12 | BJ10: 16 | BK10: 6 | BL10: 24.58573 | BM10: 39.453568 | BN10: 34.532089 | BO10: 4.810236 | BP10: 32.759266 | BQ10: 36.588154 | BR10: 49.580818 | BS10: 40.164227 | BT10: 61.119358 | BU10: 50.541214 | BV10: 65.525429 | BW10: 24.467825 | BX10: 57 | BY10: 43 | BZ10: 24 | CA10: 32 | CB10: 44 | CC10: 80 | CD10: 44 | CE10: 63 | CF10: 50 | CG10: 88 | CH10: 58 | CI10: 38 | CJ10: 280.27731 | CK10: 212.06293 | CL10: 118.39574 | CM10: 153.92755 | CN10: 205.91539 | CO10: 365.88153 | CP10: 198.32327 | CQ10: 281.1496 | CR10: 218.28342 | CS10: 370.63556 | CT10: 237.52969 | CU10: 154.96289 | CY10: 2 | DA10: 1 | DD10: 2 | DE10: 1 | DF10: 1 | DG10: 1 | DK10: 9.620472 | DM10: 4.5735192 | DP10: 8.7313366 | DQ10: 4.2117677 | DR10: 4.0953393 | DS10: 4.077971 | DT10: 41 | DU10: 39 | DV10: 34 | DW10: 46 | DX10: 38 | DY10: 41 | DZ10: 49 | EA10: 29 | EB10: 39 | EC10: 30 | ED10: 37 | EE10: 39 | EF10: 201.603 | EG10: 192.33615 | EH10: 167.72729 | EI10: 221.27086 | EJ10: 177.83601 | EK10: 187.5143 | EL10: 220.86 | EM10: 129.41806 | EN10: 170.26106 | EO10: 126.35303 | EP10: 151.52756 | EQ10: 159.04086 | ER10: 4 | ES10: 4 | ET10: 3 | EU10: 6 | EV10: 7 | EW10: 3 | EX10: 5 | EY10: 9 | EZ10: 7 | FA10: 6 | FB10: 8 | FC10: 4 | FD10: 19.668585 | FE10: 19.726784 | FF10: 14.799467 | FG10: 28.861418 | FH10: 32.759266 | FI10: 13.720558 | FJ10: 22.536736 | FK10: 40.164227 | FL10: 30.559679 | FM10: 25.270607 | FN10: 32.762714 | FO10: 16.311884 | FP10: 75 | FQ10: 41 | FR10: 43 | FS10: 62 | FT10: 117 | FU10: 119 | FV10: 158 | FW10: 113 | FX10: 105 | FY10: 73 | FZ10: 91 | GA10: 67 | GB10: 368.78595 | GC10: 202.19954 | GD10: 212.1257 | GE10: 298.23465 | GF10: 547.54773 | GG10: 544.24878 | GH10: 712.16083 | GI10: 504.28418 | GJ10: 458.39517 | GK10: 307.45905 | GL10: 372.6759 | GM10: 273.22403 | GN10: 10 | GO10: 4 | GP10: 8 | GQ10: 9 | GR10: 11 | GS10: 7 | GT10: 14 | GU10: 18 | GV10: 19 | GW10: 23 | GX10: 15 | GY10: 19 | GZ10: 49.171459 | HA10: 19.726784 | HB10: 39.465244 | HC10: 43.292126 | HD10: 51.478848 | HE10: 32.014637 | HF10: 63.102859 | HG10: 80.328453 | HH10: 82.947701 | HI10: 96.870659 | HJ10: 61.430092 | HK10: 77.481445 | HL10: 24522 | HM10: {"coordinates": [[[[-79.5119271703944, 43.7345762236921], [-79.5115439302295, 43.7329010706936], [-79.5112532147423, 43.7329609854648], [-79.5110135208683, 43.7330297414935], [-79.5108422346016, 43.73314158038], [-79.51062838436, 43.7332799584815], [-79.5103891764745, 43.7333713427534], [-79.5101174271179, 43.7333572347622], [-79.5098697481194, 43.7333466539288], [-79.509671147678, 43.7334607971417], [-79.5095383596111, 43.7336206878869], [-79.5093093098749, 43.7336742642474], [-79.5091006276411, 43.7337045253511], [-79.5088458950709, 43.733772693752], [-79.5085942536036, 43.733838710356], [-79.5083601265895, 43.7338941480978], [-79.5081473489363, 43.7339536886519], [-79.5079325572603, 43.7339811209053], [-79.5077641087715, 43.7340243382165], [-79.5075843531882, 43.734098611528], [-79.5073955362986, 43.7341743231134], [-79.5072564986522, 43.7342606542218], [-79.5071260246454, 43.7343168386648], [-79.5069544482228, 43.7343897420552], [-79.5067341094499, 43.7344517823693], [-79.5065140168153, 43.7345038307045], [-79.5063130385335, 43.7345293966059], [-79.5060496156613, 43.7345289526363], [-79.5057925079455, 43.7345000712413], [-79.5055411117183, 43.7344706497987], [-79.5053017861535, 43.7344870526701], [-79.5050579645208, 43.7344804839928], [-79.5048062062725, 43.7344269466492], [-79.5045487275526, 43.7344031844965], [-79.5042925073723, 43.7344144460276], [-79.5040366590945, 43.7344460769634], [-79.5037718617999, 43.7344962312921], [-79.503523102128, 43.7345346658232], [-79.5032962990784, 43.734507660268], [-79.5030627712405, 43.7345623042173], [-79.5029252077294, 43.7344510618915], [-79.5027991884681, 43.734322149442], [-79.5025692682644, 43.7342500359013], [-79.5022971452087, 43.7342607717054], [-79.502124842049, 43.7343191026579], [-79.5020853979231, 43.7344933669079], [-79.5019801171685, 43.7345730120551], [-79.5018661416202, 43.7344172026683], [-79.501683394647, 43.7343499839564], [-79.5014965684241, 43.7344281085013], [-79.5013600182127, 43.7345711492017], [-79.5011932855061, 43.7344901396886], [-79.5010902352683, 43.7343261023424], [-79.5009406334341, 43.7342205104828], [-79.5007110896245, 43.734206929097], [-79.5004909924984, 43.7342653217645], [-79.5002866491275, 43.7343412025492], [-79.5000807031621, 43.7344047604619], [-79.4998872824067, 43.7344554373338], [-79.4996859169509, 43.7345015952779], [-79.4995139713207, 43.7345202004639], [-79.4993527021676, 43.734579328231], [-79.4991888377817, 43.7346434077489], [-79.499039359915, 43.7347237783638], [-79.4988867792674, 43.7348041397837], [-79.4987306089519, 43.7349066708784], [-79.4985764059468, 43.7348078083573], [-79.4984662985441, 43.7346072418134], [-79.4982224787081, 43.7345517729268], [-79.4981683785684, 43.7345573887499], [-79.4960563548938, 43.7337612750213], [-79.4951207846782, 43.7334085979601], [-79.4949853384963, 43.7334159099635], [-79.4949147156436, 43.7334244221339], [-79.4947993045875, 43.7334440850223], [-79.4946500387232, 43.7334772651987], [-79.4944863863397, 43.7335232174863], [-79.4943398765068, 43.7335629787303], [-79.4941990637894, 43.7335966716207], [-79.4941373522243, 43.7336223768142], [-79.4940886132302, 43.7336631758836], [-79.4939879102902, 43.7335536798838], [-79.493771072252, 43.7330443519609], [-79.4934458991872, 43.7322318191772], [-79.4930819790892, 43.7314446582399], [-79.4927269235664, 43.7306159828418], [-79.4920121251116, 43.7289529196322], [-79.4919489142583, 43.7288058168246], [-79.4919274723708, 43.728757388989], [-79.4917305562707, 43.7283124162109], [-79.4916767130492, 43.7282044878552], [-79.4916266759895, 43.7281328791256], [-79.4915607504274, 43.7280588217223], [-79.4915140613888, 43.7280068450346], [-79.4914993290182, 43.7279993188007], [-79.4914408118623, 43.727942786329], [-79.4912236648036, 43.7280378055384], [-79.4906307102408, 43.7282427342769], [-79.490382609034, 43.7283074690715], [-79.4901856120855, 43.7278333019418], [-79.4901614456077, 43.727748769456], [-79.4901320383586, 43.727686964981], [-79.4900818602634, 43.727650172956], [-79.490018572155, 43.7276330736182], [-79.489949558185, 43.7276376124961], [-79.4898815961422, 43.7276563204332], [-79.4898195315392, 43.7276773055917], [-79.489753195447, 43.7276920621259], [-79.4884961047165, 43.7279762830925], [-79.4884004107826, 43.7280035467085], [-79.4883206358938, 43.7280020991061], [-79.4882853042553, 43.7279691950306], [-79.4882745334551, 43.7279476004229], [-79.4882352079069, 43.7278388515323], [-79.488069050122, 43.7274142197103], [-79.4880595010306, 43.7273096510688], [-79.4862837032921, 43.727709034862], [-79.4854791954798, 43.7258821602414], [-79.4837051701174, 43.7262894974169], [-79.482073007603, 43.726650976865], [-79.4817121974724, 43.7252156808396], [-79.4817010619562, 43.7251440828187], [-79.4816972836421, 43.7251198606092], [-79.4815933135294, 43.7244518341516], [-79.4815944166606, 43.7244181516971], [-79.4815899726949, 43.7243400199373], [-79.4815846600583, 43.7242619601356], [-79.4815784778525, 43.7241839365869], [-79.48157130211, 43.7241058674931], [-79.481563258595, 43.7240279158014], [-79.4815543338326, 43.7239500535969], [-79.4815445646539, 43.7238721731137], [-79.4815339151262, 43.7237944184731], [-79.4815222711635, 43.7237167182639], [-79.4815098842941, 43.7236390354823], [-79.4814964904132, 43.7235614331004], [-79.4814822404378, 43.7234840383613], [-79.4814671235882, 43.7234066246955], [-79.4814511362711, 43.7233292927288], [-79.4814341679937, 43.7232521489304], [-79.4813775732325, 43.7230042908021], [-79.481356823946, 43.7229134107246], [-79.4813170995459, 43.7227394912675], [-79.4851144929492, 43.7218086264032], [-79.4853780011614, 43.7217408533917], [-79.4856416324428, 43.7216737645788], [-79.4859056347284, 43.7216072788147], [-79.4861698732708, 43.7215413136506], [-79.4864343696298, 43.7214760054242], [-79.4866991157205, 43.7214112366287], [-79.4869640962714, 43.721346998177], [-79.487229460403, 43.7212833984907], [-79.4874950598932, 43.7212203012351], [-79.4877609315728, 43.7211578797545], [-79.4880269029655, 43.7210960600393], [-79.4882932579389, 43.7210347985935], [-79.4884322686358, 43.7209951803019], [-79.4885715290644, 43.7209562462676], [-79.488711037428, 43.7209178244472], [-79.4888509293723, 43.7208799972934], [-79.4889910575735, 43.7208427719487], [-79.4891314211332, 43.7208060425905], [-79.489272169172, 43.720769942311], [-79.4894131642474, 43.7207344100841], [-79.4895543955797, 43.720699497849], [-79.4896960239674, 43.720665242613], [-79.4898377637462, 43.7206313846854], [-79.4899798880039, 43.7205982811431], [-79.4901221110764, 43.7205656190587], [-79.490264719526, 43.7205336763032], [-79.4904075875888, 43.7205021750074], [-79.4905506784338, 43.7204713936918], [-79.490693906721, 43.7204410986344], [-79.4908375060124, 43.7204114605837], [-79.490981228373, 43.7203824237069], [-79.4911253379076, 43.7203538841276], [-79.4912695570365, 43.7203260807641], [-79.491413900133, 43.7202987370443], [-79.4915586034539, 43.7202720951327], [-79.4917034549969, 43.7202460115497], [-79.4918484062528, 43.7202205395332], [-79.492493417288, 43.7201053939896], [-79.4935703697529, 43.7199131475209], [-79.4952706353457, 43.7196096091187], [-79.4978770836678, 43.7191442333872], [-79.4997810269799, 43.7188042117632], [-79.5012144390344, 43.7185690300444], [-79.501322659975, 43.7185485331786], [-79.5014311279522, 43.7185286212815], [-79.5015397189988, 43.7185092489061], [-79.5016484358094, 43.7184904348813], [-79.501757400555, 43.7184722506253], [-79.5018664883699, 43.7184545162958], [-79.5019758259163, 43.7184374305645], [-79.5020852856337, 43.7184208298202], [-79.5021948836916, 43.7184048322274], [-79.5023047045318, 43.7183894196075], [-79.5024146610175, 43.718374574431], [-79.5025246175032, 43.7183602694298], [-79.5026348228223, 43.7183464766863], [-79.5027451521088, 43.7183332513876], [-79.5028556062612, 43.7183206201532], [-79.5029661834828, 43.718308555715], [-79.5030768846719, 43.7182971294913], [-79.5031877107268, 43.7182861454076], [-79.5032986598509, 43.7182757729195], [-79.503409608975, 43.7182659581394], [-79.5035206703886, 43.7182567828734], [-79.5036213077515, 43.7182489483171], [-79.5037430672018, 43.7182400243101], [-79.5038543891267, 43.7182325578792], [-79.5046482707675, 43.7181430924337], [-79.5064824589994, 43.7179207614878], [-79.5078334425418, 43.7177637582923], [-79.5085403286354, 43.7176815891904], [-79.5126550546078, 43.7172158069766], [-79.5156353188692, 43.7168823554056], [-79.5181996415944, 43.7166105432909], [-79.5183001972107, 43.7165998867807], [-79.5183279461698, 43.7165968949325], [-79.5186115469999, 43.7165662713317], [-79.5190590930644, 43.7165179686501], [-79.5202088045757, 43.716393851454], [-79.5204301440718, 43.7163699587847], [-79.5204615895983, 43.7163665682701], [-79.5231025170577, 43.7161022198639], [-79.524715344234, 43.7159186803816], [-79.5248589192709, 43.7158980001614], [-79.5250021224053, 43.715876833623], [-79.5251453129632, 43.7158550015644], [-79.525288266366, 43.715832457886], [-79.525430972732, 43.7158093830872], [-79.5255735416558, 43.7157856869171], [-79.525715875221, 43.715761316134], [-79.5258579455798, 43.7157363408595], [-79.5259999054459, 43.7157107455101], [-79.5261416039021, 43.7156845196963], [-79.5262830661015, 43.7156576634176], [-79.5264244043334, 43.7156301942035], [-79.5265653571879, 43.7156020601106], [-79.5265712393564, 43.7156008706234], [-79.5267061977532, 43.7155734033312], [-79.5268466529411, 43.7155441160831], [-79.5282572334143, 43.7152269049294], [-79.529663008799, 43.7149132054094], [-79.5296002821377, 43.7151227357534], [-79.5292820638298, 43.7161861000289], [-79.5292346507491, 43.7163514472998], [-79.5286382044347, 43.7184314645813], [-79.5286154447187, 43.7185108525583], [-79.5286008237391, 43.7185601826968], [-79.5285917516531, 43.7185893671875], [-79.5285854697343, 43.718609567981], [-79.528575875727, 43.7186596174076], [-79.5285695309262, 43.7186809965663], [-79.5285548812005, 43.7187737769235], [-79.5285390394105, 43.7188663311987], [-79.5285239423238, 43.7189589489572], [-79.5285097139081, 43.7190516113704], [-79.5284963541631, 43.7191443009087], [-79.5284838639874, 43.7192371240478], [-79.5284753488569, 43.7193118915921], [-79.5284733581902, 43.7193294166116], [-79.5284740570795, 43.7193622715458], [-79.5284714636432, 43.7193897708619], [-79.5284720457516, 43.719412696904], [-79.5284730303051, 43.7194504574631], [-79.5284733078845, 43.719511044669], [-79.5284744532365, 43.7195715149504], [-79.5284736294814, 43.7196149276925], [-79.5284732908165, 43.7196322818732], [-79.5284769433665, 43.719665387897], [-79.5284773529983, 43.7196927065855], [-79.5284802806078, 43.719715820791], [-79.5284819604573, 43.7197531487663], [-79.5284836555783, 43.7197662270238], [-79.5284870035993, 43.7198135817967], [-79.5284873898749, 43.7198166786608], [-79.5284918814513, 43.7198671114274], [-79.5284924932041, 43.7198740511235], [-79.5284974033954, 43.719917490265], [-79.5284993850789, 43.7199344113175], [-79.5285003840055, 43.7199471662158], [-79.5285020072612, 43.7199679593041], [-79.5285079648882, 43.719994411774], [-79.5285126478058, 43.7200550614057], [-79.5285209913581, 43.7201152863766], [-79.5285302035814, 43.7201755210254], [-79.5285401614063, 43.7202356556318], [-79.5285508504599, 43.7202956642267], [-79.528562421659, 43.720355618226], [-79.5285748606308, 43.7204155637254], [-79.5285880443059, 43.7204753293279], [-79.528601974481, 43.7205350130678], [-79.5286167589539, 43.7205947051881], [-79.5286323007067, 43.7206540914624], [-79.5286485880611, 43.7207135049454], [-79.5286657431881, 43.7207728190376], [-79.5286836313403, 43.7208319616752], [-79.5286993545527, 43.7208817437119], [-79.528702275874, 43.7208909867446], [-79.5290479943078, 43.7222700621519], [-79.5292457943502, 43.7230592594611], [-79.5293847259954, 43.7236136194408], [-79.532254418425, 43.7350563361691], [-79.5293311998792, 43.7357047256637], [-79.5289100615892, 43.7358065289133], [-79.5272647809766, 43.7361732381721], [-79.5264904520663, 43.7363620411296], [-79.5262834020714, 43.7364101726873], [-79.5258557357242, 43.7365072768642], [-79.5238023325118, 43.7369736262943], [-79.5223779646956, 43.7373045658598], [-79.5201376723782, 43.737815270515], [-79.5166974769796, 43.7386016500044], [-79.5132243053253, 43.7393979207002], [-79.5124524333073, 43.7366967038083], [-79.5123144951988, 43.7361986177295], [-79.5122491185074, 43.7359385971572], [-79.5119271703944, 43.7345762236921]]]], "type": "MultiPolygon"}
A11: 10 | B11: Avondale | C11: 153 | D11: 32 | E11: 31 | F11: 37 | G11: 44 | H11: 65 | I11: 40 | J11: 41 | K11: 49 | L11: 36 | M11: 49 | N11: 51 | O11: 84 | P11: 249.33769 | Q11: 228.95125 | R11: 259.46704 | S11: 305.49191 | T11: 445.81619 | U11: 272.20142 | V11: 279.17746 | W11: 335.34082 | X11: 238.99622 | Y11: 311.13086 | Z11: 312.5 | AA11: 508.25922 | AB11: 13 | AC11: 9 | AD11: 10 | AE11: 4 | AF11: 11 | AG11: 16 | AH11: 34 | AI11: 32 | AJ11: 19 | AK11: 28 | AL11: 18 | AM11: 11 | AN11: 101.29344 | AO11: 66.469719 | AP11: 70.126228 | AQ11: 27.771992 | AR11: 75.445816 | AS11: 108.88057 | AT11: 231.513 | AU11: 218.99808 | AV11: 126.13689 | AW11: 177.78906 | AX11: 110.29412 | AY11: 66.557755 | AZ11: 3 | BA11: 7 | BB11: 14 | BC11: 20 | BD11: 6 | BE11: 12 | BF11: 37 | BG11: 20 | BH11: 27 | BI11: 9 | BJ11: 8 | BK11: 11 | BL11: 23.375408 | BM11: 51.698669 | BN11: 98.17672 | BO11: 138.85995 | BP11: 41.152264 | BQ11: 81.660431 | BR11: 251.94063 | BS11: 136.87381 | BT11: 179.24716 | BU11: 57.146484 | BV11: 49.019608 | BW11: 66.557755 | BX11: 11 | BY11: 9 | BZ11: 7 | CA11: 11 | CB11: 13 | CC11: 13 | CD11: 13 | CE11: 17 | CF11: 8 | CG11: 19 | CH11: 21 | CI11: 18 | CJ11: 85.709831 | CK11: 66.469719 | CL11: 49.08836 | CM11: 76.372978 | CN11: 89.163239 | CO11: 88.465462 | CP11: 88.519676 | CQ11: 116.34274 | CR11: 53.110271 | CS11: 120.64258 | CT11: 128.67647 | CU11: 108.91269 | CZ11: 11 | DB11: 1 | DD11: 1 | DL11: 75.445816 | DN11: 6.809206 | DP11: 6.6387839 | DT11: 2 | DU11: 3 | DV11: 1 | DW11: 6 | DX11: 7 | DY11: 3 | DZ11: 9 | EA11: 6 | EB11: 1 | EC11: 6 | ED11: 12 | EE11: 5 | EF11: 15.583606 | EG11: 22.156572 | EH11: 7.0126228 | EI11: 41.65799 | EJ11: 48.010975 | EK11: 20.415108 | EL11: 61.282856 | EM11: 41.062141 | EN11: 6.6387839 | EO11: 38.097656 | EP11: 73.529411 | EQ11: 30.253525 | ER11: 1 | EU11: 1 | EX11: 1 | FA11: 1 | FD11: 7.7918029 | FG11: 6.9429979 | FJ11: 6.809206 | FM11: 6.3496094 | FP11: 8 | FQ11: 6 | FR11: 14 | FS11: 9 | FT11: 8 | FU11: 22 | FV11: 36 | FW11: 25 | FX11: 40 | FY11: 64 | FZ11: 21 | GA11: 18 | GB11: 62.334423 | GC11: 44.313145 | GD11: 98.17672 | GE11: 62.48698 | GF11: 54.869686 | GG11: 149.71078 | GH11: 245.13142 | GI11: 171.09225 | GJ11: 265.55136 | GK11: 406.375 | GL11: 128.67647 | GM11: 108.91269 | GN11: 2 | GO11: 1 | GP11: 5 | GQ11: 5 | GR11: 5 | GS11: 4 | GT11: 3 | GU11: 5 | GV11: 9 | GW11: 5 | GX11: 3 | GY11: 3 | GZ11: 15.583606 | HA11: 7.3855243 | HB11: 35.063114 | HC11: 34.714989 | HD11: 34.293552 | HE11: 27.220142 | HF11: 20.427618 | HG11: 34.218452 | HH11: 59.749054 | HI11: 31.748047 | HJ11: 18.382353 | HK11: 18.152115 | HL11: 16527 | HM11: {"coordinates": [[[[-79.4083873426619, 43.7536279201427], [-79.4083919546126, 43.7536249528544], [-79.4084449821638, 43.7538177114389], [-79.4084766208281, 43.7539664456998], [-79.4084913199611, 43.7540178716779], [-79.4085068886633, 43.7540690646688], [-79.4085231885941, 43.7541201953248], [-79.4085403850436, 43.7541712824631], [-79.4085583019419, 43.7542221262335], [-79.4085772366315, 43.7542728538139], [-79.408596903448, 43.7543233581423], [-79.4086173167645, 43.7543737534191], [-79.4086387236178, 43.7544239170094], [-79.4086607512069, 43.754473900174], [-79.4086837983838, 43.7545237042111], [-79.4087075399584, 43.7545733012201], [-79.4087320406095, 43.7546227560876], [-79.4087574476606, 43.7546718955682], [-79.408783576059, 43.7547209006946], [-79.4088589213551, 43.7548479770781], [-79.4088918293389, 43.754905781865], [-79.4089265043089, 43.7549679177148], [-79.4089603115063, 43.7550301430422], [-79.4089934979679, 43.7550926466639], [-79.4090259388277, 43.7551554104111], [-79.4090576340859, 43.7552182649319], [-79.4090885837424, 43.7552814055311], [-79.4091187886955, 43.7553446803762], [-79.4091482471486, 43.7554081718708], [-79.4091769617966, 43.7554718326483], [-79.4092048059772, 43.7555356730897], [-79.4092452885555, 43.7556099748686], [-79.4092848036482, 43.7556846165521], [-79.4093234473751, 43.755759465125], [-79.4093613212458, 43.7558344660835], [-79.409398339022, 43.755909736868], [-79.4094343497868, 43.7559852761801], [-79.4094696275263, 43.7560610132944], [-79.4095040356966, 43.756136920959], [-79.4095375751961, 43.756213106232], [-79.4095692515896, 43.7562897047208], [-79.4095925206504, 43.7563411293512], [-79.4096435278906, 43.7564939644988], [-79.4096989323841, 43.7566639597347], [-79.4098535917333, 43.7572352611064], [-79.4098839485017, 43.7573472877097], [-79.4099462637346, 43.7575961203399], [-79.4100685379195, 43.758027490933], [-79.4101272670778, 43.7582347890487], [-79.4103426902695, 43.7590619344635], [-79.4105631727728, 43.7599561410491], [-79.4105887010966, 43.7600597832873], [-79.4106019467554, 43.7601135397123], [-79.4107519725944, 43.7607225420377], [-79.4108061194465, 43.7609742393197], [-79.4109412305568, 43.7615174317768], [-79.4096140999802, 43.7618131949307], [-79.4082675541154, 43.7621103943175], [-79.4071739118508, 43.762342228005], [-79.4047614214766, 43.762897335693], [-79.4042002151726, 43.7630186706199], [-79.404071551271, 43.763046502173], [-79.4039591998768, 43.763070792084], [-79.4039335933996, 43.7630763247846], [-79.4037946545679, 43.7631063523921], [-79.4028740880142, 43.7633053553024], [-79.4023087656295, 43.7634398100237], [-79.4013163140901, 43.7636540947258], [-79.3996906562766, 43.76400506709], [-79.3987607831766, 43.7642122192853], [-79.3983281033317, 43.7643086069041], [-79.3970567859821, 43.7645918256087], [-79.3947194289016, 43.7651105592618], [-79.3931284505497, 43.765466077905], [-79.3920268402286, 43.7657102707148], [-79.3900427294639, 43.7661433882378], [-79.3889107237468, 43.7663824182612], [-79.3884467582756, 43.7664951653457], [-79.3881827847361, 43.7665617407528], [-79.3880594559291, 43.7665978770048], [-79.387843040099, 43.7657540470411], [-79.3876084540457, 43.7648869669833], [-79.3875918873153, 43.7648257788772], [-79.3875335767719, 43.7646591732024], [-79.3874932792465, 43.7645239900769], [-79.3874513934998, 43.7643935211452], [-79.3874116376586, 43.7642674381676], [-79.3873726929961, 43.7641323644456], [-79.3873344984268, 43.7640017817757], [-79.387297495922, 43.7638712286638], [-79.387261661227, 43.7637406849983], [-79.3871958695138, 43.7634781727749], [-79.3871553420198, 43.7633203327197], [-79.3921315649261, 43.7622490908385], [-79.3922532040021, 43.762220582239], [-79.3923737138958, 43.7621917206904], [-79.3924938644633, 43.7621623816268], [-79.3926138910634, 43.7621325390963], [-79.3927335340828, 43.7621021282201], [-79.3928530648128, 43.7620711950609], [-79.3929722128605, 43.7620396319202], [-79.3930911381261, 43.7620075996948], [-79.3932096663362, 43.7619750451836], [-79.3933280831553, 43.761941932703], [-79.3934461415465, 43.7619081798567], [-79.3935637903061, 43.7618740137174], [-79.3936813537256, 43.7618392883083], [-79.3937983835459, 43.7618040217943], [-79.3939153136532, 43.7617682342869], [-79.3940317487887, 43.7617318784238], [-79.3941480240241, 43.7616950722826], [-79.3942638527969, 43.7616576536666], [-79.3943794327363, 43.7616197938536], [-79.3944947521642, 43.761581365681], [-79.3946095900952, 43.7615424061284], [-79.3947241782946, 43.7615028885947], [-79.3948384089644, 43.7614629389432], [-79.3949523665464, 43.7614223670785], [-79.39506582736, 43.761381326762], [-79.395179041137, 43.761339871842], [-79.3952919081642, 43.7612977512367], [-79.3954042658467, 43.7612551608788], [-79.3955163764924, 43.7612121481291], [-79.3956281143374, 43.761168513808], [-79.3957393455325, 43.761124419463], [-79.3958503530471, 43.7610798663907], [-79.3959608269624, 43.7610347170464], [-79.3960710655192, 43.7609891725539], [-79.3961808207822, 43.7609430058355], [-79.3962901924647, 43.7608964790015], [-79.3963990664805, 43.7608493221534], [-79.3965075820685, 43.7608018038902], [-79.3966200610236, 43.7607529211754], [-79.3967320441086, 43.7607035252243], [-79.3968436804439, 43.7606535881373], [-79.3969547822816, 43.7606031559776], [-79.3970655131151, 43.7605523091946], [-79.3971757732314, 43.7605008583387], [-79.3972855231046, 43.7604489299237], [-79.3973947914808, 43.7603964525806], [-79.397503661005, 43.7603435236278], [-79.3976120481339, 43.7602900729938], [-79.3977200750384, 43.7602361623131], [-79.3978274452745, 43.7601816838837], [-79.397934492117, 43.7601267921186], [-79.3980325046027, 43.7600757347191], [-79.398146924817, 43.7600154467708], [-79.3982524472185, 43.7599591132138], [-79.3983574854281, 43.7599022287699], [-79.3984619029017, 43.759844804467], [-79.3985659610493, 43.7597870278083], [-79.3986695116487, 43.7597286749547], [-79.3987724531904, 43.75966983544], [-79.3988748979637, 43.7596106260478], [-79.3989768100361, 43.7595508313731], [-79.3990782765441, 43.7594906220504], [-79.3991790971633, 43.7594299442276], [-79.3992795575582, 43.7593688245043], [-79.3993792606732, 43.7593072726113], [-79.4003900019118, 43.7586598290751], [-79.4032897429877, 43.7568515405494], [-79.4056781100033, 43.7553321906104], [-79.406748796719, 43.7546586808853], [-79.4083873426619, 43.7536279201427]]]], "type": "MultiPolygon"}
A12: 11 | B12: East Willowdale | C12: 152 | D12: 45 | E12: 37 | F12: 56 | G12: 45 | H12: 46 | I12: 55 | J12: 40 | K12: 54 | L12: 58 | M12: 47 | N12: 86 | O12: 52 | P12: 284.55798 | Q12: 231.85863 | R12: 346.02075 | S12: 276.73575 | T12: 280.59045 | U12: 333.98105 | V12: 243.82809 | W12: 332.16461 | X12: 349.67142 | Y12: 274.0365 | Z12: 489.22009 | AA12: 295.13593 | AB12: 17 | AC12: 21 | AD12: 31 | AE12: 17 | AF12: 15 | AG12: 31 | AH12: 22 | AI12: 45 | AJ12: 44 | AK12: 90 | AL12: 47 | AM12: 32 | AN12: 107.49969 | AO12: 131.59544 | AP12: 191.54721 | AQ12: 104.54462 | AR12: 91.496887 | AS12: 188.24387 | AT12: 134.10545 | AU12: 276.80383 | AV12: 265.26797 | AW12: 524.75073 | AX12: 267.36447 | AY12: 181.62212 | AZ12: 7 | BA12: 10 | BB12: 14 | BC12: 6 | BD12: 1 | BE12: 4 | BF12: 16 | BG12: 12 | BH12: 7 | BI12: 9 | BJ12: 7 | BK12: 1 | BL12: 44.264576 | BM12: 62.664494 | BN12: 86.505188 | BO12: 36.898098 | BP12: 6.0997925 | BQ12: 24.289532 | BR12: 97.531242 | BS12: 73.814354 | BT12: 42.201725 | BU12: 52.475075 | BV12: 39.82024 | BW12: 5.6756911 | BX12: 69 | BY12: 58 | BZ12: 54 | CA12: 73 | CB12: 56 | CC12: 54 | CD12: 36 | CE12: 26 | CF12: 40 | CG12: 73 | CH12: 52 | CI12: 35 | CJ12: 436.32224 | CK12: 363.45407 | CL12: 333.66287 | CM12: 448.92688 | CN12: 341.58838 | CO12: 327.90866 | CP12: 219.4453 | CQ12: 159.93111 | CR12: 241.15271 | CS12: 425.63116 | CT12: 295.8075 | CU12: 198.64919 | DT12: 15 | DU12: 18 | DV12: 14 | DW12: 31 | DX12: 32 | DY12: 23 | DZ12: 18 | EA12: 10 | EB12: 12 | EC12: 17 | ED12: 34 | EE12: 10 | EF12: 94.852661 | EG12: 112.79609 | EH12: 86.505188 | EI12: 190.64018 | EJ12: 195.19336 | EK12: 139.66481 | EL12: 109.72265 | EM12: 61.511963 | EN12: 72.34581 | EO12: 99.119583 | EP12: 193.4126 | EQ12: 56.756908 | ER12: 1 | EV12: 1 | EW12: 2 | EX12: 2 | EY12: 1 | EZ12: 2 | FA12: 1 | FB12: 1 | FC12: 1 | FD12: 6.3235106 | FH12: 6.0997925 | FI12: 12.144766 | FJ12: 12.191405 | FK12: 6.1511965 | FL12: 12.057635 | FM12: 5.830564 | FN12: 5.6886058 | FO12: 5.6756911 | FP12: 26 | FQ12: 20 | FR12: 35 | FS12: 36 | FT12: 37 | FU12: 45 | FV12: 47 | FW12: 54 | FX12: 65 | FY12: 75 | FZ12: 53 | GA12: 34 | GB12: 164.41129 | GC12: 125.32899 | GD12: 216.26297 | GE12: 221.3886 | GF12: 225.69232 | GG12: 273.25723 | GH12: 286.49802 | GI12: 332.16461 | GJ12: 391.87314 | GK12: 437.2923 | GL12: 301.49609 | GM12: 192.9735 | GN12: 3 | GO12: 4 | GP12: 3 | GQ12: 6 | GR12: 3 | GS12: 9 | GT12: 4 | GU12: 5 | GV12: 13 | GW12: 14 | GX12: 11 | GY12: 9 | GZ12: 18.970533 | HA12: 25.065798 | HB12: 18.536827 | HC12: 36.898098 | HD12: 18.299377 | HE12: 54.651443 | HF12: 24.382811 | HG12: 30.755981 | HH12: 78.374634 | HI12: 81.627892 | HJ12: 62.574661 | HK12: 51.081219 | HL12: 17619 | HM12: {"coordinates": [[[[-79.4071739118508, 43.762342228005], [-79.4082675541154, 43.7621103943175], [-79.4083206005313, 43.7622725207942], [-79.4083828403057, 43.7625370261537], [-79.4084329357558, 43.7627694492194], [-79.408464263603, 43.7628957072784], [-79.4084795017252, 43.762953174067], [-79.408665370344, 43.7636922121075], [-79.4086806569752, 43.7637829200119], [-79.40867543956, 43.7638412974567], [-79.4086547980714, 43.7638897254623], [-79.4086307187303, 43.7639369266246], [-79.4085929284029, 43.7639990128732], [-79.408544842484, 43.7640536299048], [-79.4084573088461, 43.76411692856], [-79.4084109216415, 43.7641889360594], [-79.4083851040602, 43.7642522845258], [-79.4083798758653, 43.7643168726965], [-79.4083915880999, 43.764406596791], [-79.4086268164487, 43.7649742645531], [-79.4090886771671, 43.7657844424373], [-79.4093101037999, 43.7661728654759], [-79.4093485265412, 43.7662596408843], [-79.4097127511681, 43.7671209280424], [-79.4100787607474, 43.767993295186], [-79.4104497272305, 43.7688712284781], [-79.410812511858, 43.7697373886652], [-79.411204838482, 43.7705579978042], [-79.4115777111901, 43.7713780871199], [-79.4118677610257, 43.7720588806883], [-79.4119572610757, 43.7722689376261], [-79.4120423917202, 43.7724687390513], [-79.4123294447761, 43.7732349233084], [-79.4124508538833, 43.7738073014789], [-79.4124789127612, 43.7741069995491], [-79.4099020908771, 43.7746847712711], [-79.4104267546138, 43.7759164704754], [-79.4105324108642, 43.776164498761], [-79.4108999664442, 43.777027286887], [-79.4110593042194, 43.7774013006137], [-79.411457154584, 43.7784209284485], [-79.411889678122, 43.7794327506112], [-79.4123192255414, 43.7804843434523], [-79.4097210030923, 43.7810654974822], [-79.4071090346227, 43.7816341486169], [-79.4044777568661, 43.7822119520286], [-79.4018853366354, 43.7827688806502], [-79.4006102346835, 43.7830551496375], [-79.3992997983982, 43.783349312689], [-79.3976919820246, 43.7837007830078], [-79.3963417934913, 43.7839902046351], [-79.3959563991664, 43.7840896052807], [-79.3947036401122, 43.7843556841479], [-79.3936102556641, 43.784596406697], [-79.3932829329308, 43.7846694252506], [-79.3929617349111, 43.7847566608711], [-79.3925873395585, 43.7848547456668], [-79.3924059346684, 43.7849018771045], [-79.3921506738888, 43.7850142046981], [-79.3921122080283, 43.7847726316584], [-79.3919219637158, 43.7838779179212], [-79.3917128484941, 43.7829238403928], [-79.3914980649029, 43.7819410344112], [-79.3913776771801, 43.7814135515901], [-79.3912605260873, 43.7808636136655], [-79.391246683947, 43.7808031845237], [-79.3911412163428, 43.7803334219418], [-79.3909962623919, 43.7797167045465], [-79.3909204293106, 43.7793833558159], [-79.3906188487, 43.7780515437174], [-79.3904683943647, 43.777419166668], [-79.3903982601955, 43.7770628252772], [-79.3901888413432, 43.7761039818456], [-79.389985024385, 43.7752507283313], [-79.3897872036813, 43.7743421214359], [-79.389586511962, 43.7734845661938], [-79.3893893380454, 43.7725542131834], [-79.3891901141732, 43.7716615363639], [-79.3889789157584, 43.7707523482027], [-79.3888338171787, 43.7701041501954], [-79.3886657908981, 43.7693895448828], [-79.3885808506964, 43.7690641416404], [-79.3884188224669, 43.7682002850151], [-79.3882670422182, 43.7675644914233], [-79.3882222270653, 43.7673788709], [-79.3881075014237, 43.7669028211318], [-79.3880594559291, 43.7665978770048], [-79.3881827847361, 43.7665617407528], [-79.3884467582756, 43.7664951653457], [-79.3889107237468, 43.7663824182612], [-79.3900427294639, 43.7661433882378], [-79.3920268402286, 43.7657102707148], [-79.3931284505497, 43.765466077905], [-79.3947194289016, 43.7651105592618], [-79.3970567859821, 43.7645918256087], [-79.3987607831766, 43.7642122192853], [-79.3996906562766, 43.76400506709], [-79.4013163140901, 43.7636540947258], [-79.4023087656295, 43.7634398100237], [-79.4028740880142, 43.7633053553024], [-79.4039335933996, 43.7630763247846], [-79.4039591998768, 43.763070792084], [-79.404071551271, 43.763046502173], [-79.4042002151726, 43.7630186706199], [-79.4047614214766, 43.762897335693], [-79.4071739118508, 43.762342228005]]]], "type": "MultiPolygon"}
A13: 12 | B13: Yonge-Doris | C13: 151 | D13: 63 | E13: 70 | F13: 73 | G13: 79 | H13: 89 | I13: 78 | J13: 62 | K13: 71 | L13: 74 | M13: 103 | N13: 98 | O13: 123 | P13: 292.34338 | Q13: 323.90912 | R13: 333.82111 | S13: 361.15936 | T13: 405.81824 | U13: 356.14813 | V13: 285.3461 | W13: 330.17114 | X13: 335.49442 | Y13: 447.43701 | Z13: 411.45352 | AA13: 510.69131 | AB13: 8 | AC13: 6 | AD13: 6 | AE13: 18 | AF13: 18 | AG13: 27 | AH13: 18 | AI13: 42 | AJ13: 42 | AK13: 48 | AL13: 31 | AM13: 24 | AN13: 37.122971 | AO13: 27.763639 | AP13: 27.437351 | AQ13: 82.289474 | AR13: 82.0756 | AS13: 123.28204 | AT13: 82.842415 | AU13: 195.3125 | AV13: 190.41574 | AW13: 208.51433 | AX13: 130.15367 | AY13: 99.647079 | AZ13: 11 | BA13: 14 | BB13: 21 | BC13: 10 | BD13: 13 | BE13: 12 | BF13: 26 | BG13: 13 | BH13: 30 | BI13: 18 | BJ13: 14 | BK13: 11 | BL13: 51.044083 | BM13: 64.781822 | BN13: 96.030731 | BO13: 45.716377 | BP13: 59.276821 | BQ13: 54.792019 | BR13: 119.66127 | BS13: 60.453869 | BT13: 136.01125 | BU13: 78.192879 | BV13: 58.779076 | BW13: 45.671581 | BX13: 8 | BY13: 8 | BZ13: 12 | CA13: 10 | CB13: 7 | CC13: 22 | CD13: 27 | CE13: 19 | CF13: 17 | CG13: 16 | CH13: 18 | CI13: 14 | CJ13: 37.122971 | CK13: 37.018185 | CL13: 54.874702 | CM13: 45.716377 | CN13: 31.918289 | CO13: 100.45203 | CP13: 124.26363 | CQ13: 88.355652 | CR13: 77.073036 | CS13: 69.504776 | CT13: 75.573097 | CU13: 58.127464 | DE13: 1 | DQ13: 4.3440485 | DT13: 7 | DU13: 10 | DV13: 22 | DW13: 16 | DX13: 27 | DY13: 20 | DZ13: 11 | EA13: 25 | EB13: 9 | EC13: 14 | ED13: 21 | EE13: 17 | EF13: 32.482597 | EG13: 46.272732 | EH13: 100.60362 | EI13: 73.146202 | EJ13: 123.1134 | EK13: 91.32003 | EL13: 50.625919 | EM13: 116.25744 | EN13: 40.803371 | EO13: 60.816681 | EP13: 88.16861 | EQ13: 70.583351 | FB13: 1 | FN13: 4.1985054 | FP13: 14 | FQ13: 11 | FR13: 15 | FS13: 20 | FT13: 23 | FU13: 70 | FV13: 85 | FW13: 78 | FX13: 71 | FY13: 142 | FZ13: 52 | GA13: 54 | GB13: 64.965195 | GC13: 50.900005 | GD13: 68.593376 | GE13: 91.432755 | GF13: 104.87438 | GG13: 319.62012 | GH13: 391.20029 | GI13: 362.72321 | GJ13: 321.89328 | GK13: 616.85492 | GL13: 218.32228 | GM13: 224.20593 | GN13: 4 | GO13: 4 | GP13: 6 | GQ13: 7 | GR13: 6 | GS13: 15 | GT13: 9 | GU13: 9 | GV13: 12 | GW13: 18 | GX13: 17 | GY13: 14 | GZ13: 18.561485 | HA13: 18.509092 | HB13: 27.437351 | HC13: 32.001461 | HD13: 27.358534 | HE13: 68.490021 | HF13: 41.421207 | HG13: 41.85268 | HH13: 54.404499 | HI13: 78.192879 | HJ13: 71.374588 | HK13: 58.127464 | HL13: 24085 | HM13: {"coordinates": [[[[-79.4096140999802, 43.7618131949307], [-79.4109412305568, 43.7615174317768], [-79.4111594600854, 43.762360795993], [-79.4113814589449, 43.7632712223993], [-79.4115426715041, 43.7639012143517], [-79.4115690298712, 43.7640081597228], [-79.4116429962533, 43.7643083876248], [-79.411767856688, 43.764822875073], [-79.4119956856137, 43.7656659215186], [-79.4122162615418, 43.7665730131016], [-79.4122506966616, 43.7666963834228], [-79.4123209404252, 43.7669480017276], [-79.4124518231655, 43.7674803510666], [-79.4126740034847, 43.7684027188791], [-79.4129078412414, 43.7692828614774], [-79.4131136740191, 43.7701476884794], [-79.4132182810373, 43.7705810839448], [-79.4133197888677, 43.7710016420808], [-79.4135784291094, 43.7720010490123], [-79.4136411629573, 43.7722666309587], [-79.4138359329823, 43.7729862685896], [-79.4140340204855, 43.7737867833022], [-79.4143877069758, 43.7751656589113], [-79.414517996828, 43.7756687142352], [-79.4147575775143, 43.7765937630077], [-79.4148531780234, 43.7769552124683], [-79.4150898113373, 43.7778995744015], [-79.4152896730133, 43.7786888907827], [-79.4153078028123, 43.7787566641994], [-79.4153168722034, 43.7787905333669], [-79.4155809526425, 43.7797776873831], [-79.4149360242522, 43.7799175921162], [-79.4141445527914, 43.7800893005088], [-79.4123192255414, 43.7804843434523], [-79.411889678122, 43.7794327506112], [-79.411457154584, 43.7784209284485], [-79.4110593042194, 43.7774013006137], [-79.4105324108642, 43.776164498761], [-79.4104267546138, 43.7759164704754], [-79.4099020908771, 43.7746847712711], [-79.4124789127612, 43.7741069995491], [-79.4124508538833, 43.7738073014789], [-79.4123294447761, 43.7732349233084], [-79.4120423917202, 43.7724687390513], [-79.4115777111901, 43.7713780871199], [-79.411204838482, 43.7705579978042], [-79.4109980310322, 43.7701254564994], [-79.410853523544, 43.769823183913], [-79.410812511858, 43.7697373886652], [-79.4104497272305, 43.7688712284781], [-79.4100787607474, 43.767993295186], [-79.4097127511681, 43.7671209280424], [-79.4093485265412, 43.7662596408843], [-79.4093101037999, 43.7661728654759], [-79.4086268164487, 43.7649742645531], [-79.4083915880999, 43.764406596791], [-79.4083798758653, 43.7643168726965], [-79.4083851040602, 43.7642522845258], [-79.4084109216415, 43.7641889360594], [-79.4084573088461, 43.76411692856], [-79.408544842484, 43.7640536299048], [-79.4085929284029, 43.7639990128732], [-79.4086307187303, 43.7639369266246], [-79.4086547980714, 43.7638897254623], [-79.40867543956, 43.7638412974567], [-79.4086806569752, 43.7637829200119], [-79.408665370344, 43.7636922121075], [-79.4084795017252, 43.762953174067], [-79.408464263603, 43.7628957072784], [-79.4084329357558, 43.7627694492194], [-79.4083828403057, 43.7625370261537], [-79.4083206005313, 43.7622725207942], [-79.4082675541154, 43.7621103943175], [-79.4096140999802, 43.7618131949307]]]], "type": "MultiPolygon"}
A14: 13 | B14: Fenside-Parkwoods | C14: 150 | D14: 106 | E14: 101 | F14: 120 | G14: 97 | H14: 90 | I14: 105 | J14: 113 | K14: 86 | L14: 103 | M14: 128 | N14: 135 | O14: 131 | P14: 494.26468 | Q14: 472.89072 | R14: 560.9574 | S14: 450.47137 | T14: 414.00247 | U14: 480.50522 | V14: 518.39618 | W14: 397.24698 | X14: 465.81042 | Y14: 558.05029 | Z14: 572.54333 | AA14: 553.23285 | AB14: 22 | AC14: 16 | AD14: 17 | AE14: 29 | AF14: 13 | AG14: 22 | AH14: 23 | AI14: 33 | AJ14: 36 | AK14: 45 | AL14: 81 | AM14: 63 | AN14: 102.58323 | AO14: 74.913383 | AP14: 79.468964 | AQ14: 134.677 | AR14: 59.800358 | AS14: 100.67728 | AT14: 105.51427 | AU14: 152.43198 | AV14: 162.80753 | AW14: 196.18956 | AX14: 343.52603 | AY14: 266.05853 | AZ14: 1 | BA14: 4 | BB14: 8 | BC14: 8 | BD14: 2 | BE14: 4 | BF14: 2 | BG14: 5 | BH14: 3 | BI14: 7 | BJ14: 3 | BK14: 2 | BL14: 4.6628742 | BM14: 18.728346 | BN14: 37.39716 | BO14: 37.152279 | BP14: 9.2000551 | BQ14: 18.30496 | BR14: 9.1751537 | BS14: 23.095755 | BT14: 13.567294 | BU14: 30.518377 | BV14: 12.723186 | BW14: 8.4463024 | BX14: 45 | BY14: 35 | BZ14: 24 | CA14: 31 | CB14: 44 | CC14: 34 | CD14: 24 | CE14: 20 | CF14: 11 | CG14: 20 | CH14: 9 | CI14: 28 | CJ14: 209.82935 | CK14: 163.87302 | CL14: 112.19147 | CM14: 143.96507 | CN14: 202.40121 | CO14: 155.59216 | CP14: 110.10184 | CQ14: 92.383018 | CR14: 49.746742 | CS14: 87.195358 | CT14: 38.169559 | CU14: 118.24824 | CZ14: 1 | DA14: 1 | DC14: 1 | DE14: 1 | DL14: 4.6000276 | DM14: 4.5762401 | DO14: 4.6191511 | DQ14: 4.3597679 | DT14: 5 | DU14: 17 | DV14: 22 | DW14: 28 | DX14: 16 | DY14: 25 | DZ14: 5 | EA14: 8 | EB14: 9 | EC14: 13 | ED14: 11 | EE14: 8 | EF14: 23.314371 | EG14: 79.595467 | EH14: 102.84219 | EI14: 130.03297 | EJ14: 73.600441 | EK14: 114.40601 | EL14: 22.937883 | EM14: 36.953209 | EN14: 40.701881 | EO14: 56.676983 | EP14: 46.65168 | EQ14: 33.78521 | ES14: 2 | ET14: 2 | EU14: 5 | EV14: 1 | EW14: 1 | EX14: 3 | EY14: 3 | EZ14: 3 | FA14: 1 | FB14: 1 | FC14: 2 | FE14: 9.3641729 | FF14: 9.3492899 | FG14: 23.220173 | FH14: 4.6000276 | FI14: 4.5762401 | FJ14: 13.762731 | FK14: 13.857453 | FL14: 13.567294 | FM14: 4.3597679 | FN14: 4.2410622 | FO14: 8.4463024 | FP14: 55 | FQ14: 53 | FR14: 44 | FS14: 53 | FT14: 24 | FU14: 74 | FV14: 49 | FW14: 45 | FX14: 59 | FY14: 38 | FZ14: 30 | GA14: 33 | GB14: 256.45807 | GC14: 248.15057 | GD14: 205.68437 | GE14: 246.13383 | GF14: 110.40067 | GG14: 338.64178 | GH14: 224.79126 | GI14: 207.8618 | GJ14: 266.82346 | GK14: 165.67119 | GL14: 127.23186 | GM14: 139.364 | GN14: 5 | GO14: 3 | GP14: 2 | GQ14: 5 | GR14: 3 | GS14: 2 | GT14: 1 | GU14: 4 | GV14: 2 | GW14: 7 | GX14: 2 | GY14: 7 | GZ14: 23.314371 | HA14: 14.046259 | HB14: 9.3492899 | HC14: 23.220173 | HD14: 13.800083 | HE14: 9.1524801 | HF14: 4.5875769 | HG14: 18.476604 | HH14: 9.0448627 | HI14: 30.518377 | HJ14: 8.4821243 | HK14: 29.562059 | HL14: 23679 | HM14: {"coordinates": [[[[-79.3185994085924, 43.7654302491224], [-79.3181674815358, 43.7645238285374], [-79.3181212344683, 43.7644154522875], [-79.3180428726294, 43.7642279049173], [-79.3179584238062, 43.7639757555148], [-79.3175349463032, 43.763029542697], [-79.3173300980791, 43.7625792821291], [-79.3172432812967, 43.7623884345168], [-79.3170897726894, 43.7620302479651], [-79.3170464586213, 43.7619347669153], [-79.3169006800171, 43.7616123990063], [-79.3166216309505, 43.7610008339301], [-79.3163283337052, 43.7603480827342], [-79.3161797685268, 43.7599687680445], [-79.3160865144172, 43.7597617711425], [-79.3158964857003, 43.7593821276826], [-79.3156263074971, 43.7587757861306], [-79.3152486674298, 43.757878027105], [-79.314839262934, 43.7567252126374], [-79.314618616039, 43.7560719716345], [-79.3144985229636, 43.7557164905995], [-79.3140220331807, 43.754349703301], [-79.3149212566615, 43.7541600772061], [-79.3159309648375, 43.7539319700575], [-79.3162191722284, 43.7538869243292], [-79.3164608082601, 43.7538681032482], [-79.3165942538939, 43.7538630245531], [-79.316922447993, 43.7538990516793], [-79.3173269701452, 43.7539778119121], [-79.317939304962, 43.7541271187237], [-79.3183272028916, 43.7542216999293], [-79.318983106898, 43.7543539241574], [-79.3191963876077, 43.7543657204925], [-79.3194471217765, 43.7543482576333], [-79.3195376261431, 43.7543433327595], [-79.3196602255181, 43.754332302079], [-79.3197283088335, 43.754325254122], [-79.3198045758011, 43.7543103244155], [-79.3198671874781, 43.7543021143406], [-79.3199475813062, 43.7542814486693], [-79.3200124324832, 43.7542631163072], [-79.3200776798172, 43.7542494830165], [-79.320521554467, 43.7541474411984], [-79.3216107087484, 43.753896391968], [-79.3216346713086, 43.7538895801477], [-79.3217786416043, 43.7538486332924], [-79.3238814943781, 43.7533672504732], [-79.3255695069504, 43.7529825175197], [-79.3264448532111, 43.7527728074882], [-79.3265256378063, 43.7529635482099], [-79.3265733069068, 43.7530164129633], [-79.3266484267258, 43.753048616764], [-79.3268404910251, 43.7531179376086], [-79.3270755810333, 43.7531834981361], [-79.3274708550297, 43.7532943779765], [-79.3278472167944, 43.7534101345458], [-79.3280156347405, 43.7532727321558], [-79.3281366710469, 43.7531815339882], [-79.3282795606693, 43.7530949959167], [-79.3284238579516, 43.7530117261182], [-79.3285750039898, 43.7529557396061], [-79.3287089365104, 43.7529096925716], [-79.3287954011532, 43.7528791374987], [-79.3288136971406, 43.7528726655755], [-79.3292941511888, 43.7527634882654], [-79.3301632092424, 43.7525408692374], [-79.330387413466, 43.7524909941196], [-79.3308912506611, 43.7523789194916], [-79.3313822446426, 43.752267327425], [-79.3315859088871, 43.7522486894693], [-79.331807395707, 43.7522368096595], [-79.3320466116772, 43.752235316572], [-79.3325172740889, 43.7522220734489], [-79.3327544589683, 43.7522006199598], [-79.3328923773139, 43.7521752763855], [-79.3332668463282, 43.7520925711376], [-79.3337081580846, 43.751992265313], [-79.333716498942, 43.7520473014561], [-79.3337304147441, 43.7521341745708], [-79.3337450869276, 43.7522210754615], [-79.3337606053242, 43.7523078341201], [-79.3337768926786, 43.7523945744842], [-79.3337940379241, 43.7524811641815], [-79.3338120635186, 43.7525677187138], [-79.3338308248333, 43.7526541491846], [-79.3338504413441, 43.7527404990693], [-79.3338708286095, 43.7528267781015], [-79.3338920845458, 43.7529129596774], [-79.333914086982, 43.7529990334156], [-79.3339369455128, 43.7530849383218], [-79.3339605505435, 43.753170763293], [-79.3339850377198, 43.7532564810766], [-79.3340102327686, 43.7533420469009], [-79.3340363351158, 43.7534274795838], [-79.33406316959, 43.7535128589372], [-79.3340907622422, 43.7535980590802], [-79.3341199853367, 43.7537136139122], [-79.3341501157297, 43.7538291243981], [-79.3341809539951, 43.7539444659553], [-79.3342126851858, 43.7540598442756], [-79.334245275166, 43.7541749089715], [-79.3342786107479, 43.7542900013473], [-79.334312815899, 43.7544048346055], [-79.3343479022974, 43.7545196507729], [-79.3343837226193, 43.7546342967187], [-79.3344202759666, 43.7547487633597], [-79.3344578480033, 43.7548631337508], [-79.3344961413872, 43.75497732419], [-79.3345351929492, 43.7550914436861], [-79.3345751257586, 43.7552053579266], [-79.3346095536918, 43.7553074180552], [-79.3346135934157, 43.7553193867972], [-79.3346574662358, 43.7554327653012], [-79.3346998846836, 43.7555461526743], [-79.3347430370549, 43.7556594321235], [-79.3347870589954, 43.7557725776956], [-79.334838027608, 43.7558840769296], [-79.3348792432115, 43.7559789998954], [-79.3349195775678, 43.7560741381271], [-79.3349591914751, 43.7561694007855], [-79.3349980597809, 43.7562647800839], [-79.3350361564338, 43.7563604447206], [-79.3350733969922, 43.7564561643559], [-79.3351100168147, 43.7565520973062], [-79.3351459027137, 43.756648173496], [-79.3351809073654, 43.7567444558619], [-79.3352151529406, 43.7568408185286], [-79.3352486798637, 43.7569372692817], [-79.3352814602867, 43.7570338989576], [-79.3353134708535, 43.7571307179368], [-79.3353446235293, 43.7572275880171], [-79.3353751554692, 43.7573246830849], [-79.3354048313146, 43.7574218305504], [-79.3354337364055, 43.7575190939987], [-79.3354617701305, 43.7576165272817], [-79.3355366087769, 43.7580053965407], [-79.3356014743269, 43.7583266432585], [-79.3362175614066, 43.7607702971736], [-79.3366021238916, 43.7622954051192], [-79.3368684968312, 43.7622325976077], [-79.3378276532129, 43.7619793913656], [-79.3378737861943, 43.7619905912657], [-79.3379443632329, 43.7620010872368], [-79.3380310488612, 43.7620067465486], [-79.338126315197, 43.761990067051], [-79.3382250553181, 43.7619930053782], [-79.3383230219898, 43.7620249364018], [-79.3383906714188, 43.7620709199783], [-79.3384241561211, 43.7621257937403], [-79.3384360830531, 43.7621843369431], [-79.3384302179526, 43.7622360847892], [-79.3384244354971, 43.7623034233569], [-79.3384144318581, 43.7623609088801], [-79.3384280817589, 43.7623926483184], [-79.3384729328444, 43.7624701763768], [-79.338526554182, 43.7625373284827], [-79.3385949474162, 43.762611946603], [-79.338644130178, 43.7626764917794], [-79.3386822331191, 43.7627459435519], [-79.3387323519254, 43.7628318863675], [-79.3387719586462, 43.7629009993013], [-79.3390697348916, 43.7635866428472], [-79.339113015722, 43.7636297018983], [-79.3391411644314, 43.7636413711936], [-79.3391707091228, 43.7636563193325], [-79.3392168313244, 43.7636675273525], [-79.3392984441663, 43.7636575247332], [-79.3404878576199, 43.7634072381265], [-79.3408199773569, 43.7633227039599], [-79.3409648450695, 43.7632984310192], [-79.3410359898434, 43.7633063965723], [-79.3416163365512, 43.7633843782312], [-79.3417106389948, 43.7634039248824], [-79.3417765133529, 43.7634419022903], [-79.3418078367085, 43.7634840616095], [-79.3430519378, 43.7632075511054], [-79.3451075607495, 43.7631094424762], [-79.3456791695446, 43.7625734211027], [-79.3458751693631, 43.7623874957375], [-79.3460184677189, 43.7622518980998], [-79.3461468729056, 43.7621700878198], [-79.3462862959293, 43.7620677785869], [-79.3463937083861, 43.7620063183535], [-79.3465071368605, 43.7619627164019], [-79.3468304575992, 43.7618693308099], [-79.3470802647067, 43.7618009413745], [-79.3472330411871, 43.7617604787346], [-79.3474977306838, 43.7617343775373], [-79.347814060733, 43.7616978036623], [-79.3488676965264, 43.7615392874168], [-79.3493659003863, 43.7614760995717], [-79.3496543934415, 43.7614362167273], [-79.3498530432902, 43.7614313021687], [-79.3498590961386, 43.761444056015], [-79.3498453204737, 43.7615047506101], [-79.3498239055356, 43.761570773616], [-79.3497903381884, 43.7616587066433], [-79.3497516971565, 43.7617501981172], [-79.3497069421907, 43.7618622402722], [-79.3496729292791, 43.7619994905881], [-79.349624190285, 43.7621448496772], [-79.349591609288, 43.7622505797834], [-79.3495649338157, 43.7623933931135], [-79.3495377525918, 43.7625699423751], [-79.3495109935761, 43.7626815846483], [-79.3494887917139, 43.7628582044243], [-79.3494433118076, 43.7630112272879], [-79.3494216642059, 43.7631697363895], [-79.3494289378648, 43.7632953487299], [-79.3495432682476, 43.7634666747216], [-79.349667777441, 43.763580487381], [-79.3498053301722, 43.7636589786099], [-79.3499484758144, 43.7637506363516], [-79.3500935734957, 43.7638274360382], [-79.3502370101921, 43.7638926033615], [-79.3504071915311, 43.7639662044834], [-79.3504396377808, 43.7639841498075], [-79.350633519372, 43.7640668626243], [-79.3507697156471, 43.7641072315807], [-79.3509028926846, 43.7641134810626], [-79.3510067756607, 43.7640974593439], [-79.3510982313432, 43.7640445797272], [-79.3511507693126, 43.7639740246256], [-79.3511713524107, 43.7639021946278], [-79.351168646685, 43.7638415686386], [-79.3511767072681, 43.7637713337857], [-79.3512072895136, 43.763699679359], [-79.3512784019481, 43.7636261512195], [-79.3513672093971, 43.7635786773313], [-79.3514786948155, 43.7635417464662], [-79.3515892783253, 43.7635182170979], [-79.3516659243819, 43.7635118001727], [-79.3517009425083, 43.7635088658127], [-79.3517335468616, 43.7635133812107], [-79.351863344437, 43.7635342162649], [-79.3520965830173, 43.7635725400297], [-79.3521644947545, 43.7635926367707], [-79.3522037367594, 43.7636103849829], [-79.3522323822371, 43.7636227348342], [-79.3522801088299, 43.7636443451216], [-79.3523034389761, 43.763657454018], [-79.3523384229666, 43.7636836659635], [-79.3523988472458, 43.7637237626985], [-79.3524518756954, 43.7637507635088], [-79.3525566857328, 43.7637917191586], [-79.3527638336441, 43.7638396567414], [-79.3528062961092, 43.7638451115196], [-79.3528583211406, 43.7638459347966], [-79.3529039843031, 43.7638429148166], [-79.352952850858, 43.7638352815003], [-79.3529932355199, 43.7638222550354], [-79.3530368029128, 43.7638023010989], [-79.3530974167366, 43.7637700563747], [-79.3531744023565, 43.7637371570327], [-79.3534021315692, 43.7636824521294], [-79.3535725967758, 43.76364041881], [-79.3536892088795, 43.763619452094], [-79.3537833639994, 43.7636146927691], [-79.3538931929243, 43.7636197128967], [-79.3540299129173, 43.7636296350758], [-79.3541374700029, 43.763644390535], [-79.3542248500289, 43.763662378774], [-79.3542741217239, 43.7636770596175], [-79.354316638088, 43.7637063583638], [-79.3543825555652, 43.7637707914213], [-79.3545223594746, 43.7639178238991], [-79.3546095068369, 43.764031673977], [-79.3546452184627, 43.7640966899173], [-79.3546719595121, 43.7641633503859], [-79.354703121171, 43.7642559856789], [-79.3547519922174, 43.7644363862868], [-79.3547809377325, 43.7645209078508], [-79.3548301303758, 43.7645729527507], [-79.3548861115876, 43.7645973899575], [-79.3549488391473, 43.7646104668562], [-79.3550720862076, 43.7646301195022], [-79.3552580841839, 43.7646531015355], [-79.3554654009784, 43.7646786299094], [-79.3554976460055, 43.7646826761719], [-79.3556252094708, 43.7647105698797], [-79.3557442649921, 43.76473796728], [-79.3559122256956, 43.7647676307533], [-79.3561020343253, 43.7648020210051], [-79.3562829882612, 43.7648311868556], [-79.3564626558096, 43.7648534208034], [-79.3565619322249, 43.7648576318365], [-79.3566318301372, 43.7648588080193], [-79.3567498112733, 43.7648216197419], [-79.3569029443848, 43.7647777778583], [-79.3570441559543, 43.7647485925193], [-79.3571903145459, 43.7647387204797], [-79.3573047733878, 43.7647359289051], [-79.3574537239434, 43.7647326319534], [-79.357615296727, 43.7647589186828], [-79.3577678486286, 43.764802836484], [-79.3579251580079, 43.7648889028507], [-79.3580546995634, 43.7649679684514], [-79.3582100146828, 43.7650881022405], [-79.3583429509718, 43.7651712131585], [-79.3584860777494, 43.7652472519894], [-79.3586461539398, 43.7653242930339], [-79.3587791360429, 43.7653881858914], [-79.3589414032242, 43.7654587393251], [-79.3589899023681, 43.7654911044539], [-79.3590806923989, 43.7655296332652], [-79.3592508054659, 43.7656224383588], [-79.359393959193, 43.7657140755762], [-79.3595160501216, 43.7658260207816], [-79.3596136592637, 43.765938654737], [-79.3596670883619, 43.7660407484569], [-79.3596684304449, 43.7660567274872], [-79.3596756205604, 43.7661420855769], [-79.3596736092325, 43.766173443499], [-79.3596691490971, 43.7662431610853], [-79.3596702055159, 43.7663493847705], [-79.3596709053035, 43.7664216386959], [-79.3596672096344, 43.7664940754764], [-79.3593118441928, 43.7665105882917], [-79.3569849273326, 43.7666187739115], [-79.3533881834278, 43.7667895512917], [-79.3507488244269, 43.7669050047479], [-79.3487966532622, 43.7670148374186], [-79.3467810547502, 43.7671434887452], [-79.3436391665012, 43.767315684033], [-79.3406291590208, 43.7675003796765], [-79.3389654925894, 43.7676111025948], [-79.3387918194989, 43.767622658885], [-79.3386212276298, 43.7676339939596], [-79.3380115581144, 43.7676745363117], [-79.3375802428105, 43.7677040147414], [-79.3375508625109, 43.767706025769], [-79.33748172637, 43.7677115080896], [-79.3373693336532, 43.7677193510961], [-79.3372609411344, 43.7677269106116], [-79.3371042992033, 43.7677378395689], [-79.3356352958973, 43.7678239834512], [-79.3355505955458, 43.7678293172047], [-79.3339666078834, 43.7679292708267], [-79.3320679781063, 43.7680490756087], [-79.3299441218227, 43.7681695308104], [-79.3288751922117, 43.7682319058843], [-79.3260097155757, 43.7683289513072], [-79.324478249713, 43.7683571514526], [-79.3238321202752, 43.7683596580739], [-79.3231859791593, 43.7683617482223], [-79.3225398164839, 43.76836323961], [-79.3218936915377, 43.7683641341831], [-79.3212475558117, 43.7683644040471], [-79.3206012979148, 43.7683641471573], [-79.3197973695159, 43.7683719102868], [-79.3197147352896, 43.7681931699279], [-79.3196339372197, 43.7680157011655], [-79.3196274585698, 43.7680014780824], [-79.3195994014886, 43.767939244837], [-79.3195436556353, 43.7678156694896], [-79.3194607716773, 43.7676295658011], [-79.3193786108631, 43.7674433635765], [-79.3193120268359, 43.7672728027903], [-79.3192469438936, 43.7671033612173], [-79.3191828814374, 43.7669336778379], [-79.3191198116196, 43.7667638240102], [-79.3190576994059, 43.766593801679], [-79.3188314389387, 43.7660163235171], [-79.3185994085924, 43.7654302491224]]]], "type": "MultiPolygon"}
A15: 14 | B15: Parkwoods-O'Connor Hills | C15: 149 | D15: 47 | E15: 45 | F15: 52 | G15: 56 | H15: 46 | I15: 57 | J15: 37 | K15: 52 | L15: 67 | M15: 96 | N15: 67 | O15: 78 | P15: 325.41714 | Q15: 311.89355 | R15: 359.21524 | S15: 384.45694 | T15: 313.37283 | U15: 386.44067 | V15: 251.90631 | W15: 356.94675 | X15: 456.621 | Y15: 641.49683 | Z15: 442.27341 | AA15: 520.90289 | AB15: 17 | AC15: 19 | AD15: 11 | AE15: 17 | AF15: 9 | AG15: 8 | AH15: 23 | AI15: 20 | AJ15: 37 | AK15: 57 | AL15: 64 | AM15: 46 | AN15: 117.70408 | AO15: 131.68839 | AP15: 75.987839 | AQ15: 116.71014 | AR15: 61.31208 | AS15: 54.237289 | AT15: 156.59041 | AU15: 137.2872 | AV15: 252.16383 | AW15: 380.88873 | AX15: 422.47012 | AY15: 307.19916 | AZ15: 1 | BA15: 1 | BB15: 1 | BC15: 9 | BD15: 4 | BE15: 2 | BF15: 2 | BG15: 3 | BI15: 2 | BJ15: 4 | BL15: 6.9237695 | BM15: 6.9309673 | BN15: 6.9079857 | BO15: 61.787724 | BP15: 27.249813 | BQ15: 13.559322 | BR15: 13.616558 | BS15: 20.593081 | BU15: 13.364517 | BV15: 26.404383 | BX15: 25 | BY15: 26 | BZ15: 22 | CA15: 35 | CB15: 34 | CC15: 34 | CD15: 24 | CE15: 17 | CF15: 18 | CG15: 35 | CH15: 30 | CI15: 30 | CJ15: 173.09424 | CK15: 180.20515 | CL15: 151.97568 | CM15: 240.2856 | CN15: 231.62341 | CO15: 230.50847 | CP15: 163.3987 | CQ15: 116.69412 | CR15: 122.6743 | CS15: 233.87904 | CT15: 198.03287 | CU15: 200.34727 | DB15: 1 | DN15: 6.808279 | DT15: 7 | DU15: 1 | DV15: 11 | DW15: 18 | DX15: 6 | DY15: 9 | DZ15: 4 | EA15: 16 | EB15: 7 | EC15: 6 | ED15: 7 | EE15: 10 | EF15: 48.466385 | EG15: 6.9309673 | EH15: 75.987839 | EI15: 123.57545 | EJ15: 40.874718 | EK15: 61.016949 | EL15: 27.233116 | EM15: 109.82977 | EN15: 47.706673 | EO15: 40.093552 | EP15: 46.207672 | EQ15: 66.782425 | ER15: 1 | ET15: 2 | EU15: 2 | EX15: 2 | EY15: 1 | EZ15: 2 | FA15: 2 | FB15: 2 | FC15: 1 | FD15: 6.9237695 | FF15: 13.815971 | FG15: 13.730605 | FJ15: 13.616558 | FK15: 6.8643603 | FL15: 13.630478 | FM15: 13.364517 | FN15: 13.202191 | FO15: 6.6782422 | FP15: 37 | FQ15: 44 | FR15: 44 | FS15: 50 | FT15: 32 | FU15: 29 | FV15: 37 | FW15: 29 | FX15: 28 | FY15: 27 | FZ15: 31 | GA15: 31 | GB15: 256.17947 | GC15: 304.96259 | GD15: 303.95135 | GE15: 343.26514 | GF15: 217.9985 | GG15: 196.61017 | GH15: 251.90631 | GI15: 199.06645 | GJ15: 190.82669 | GK15: 180.42097 | GL15: 204.63397 | GM15: 207.02551 | GN15: 1 | GO15: 3 | GP15: 1 | GQ15: 5 | GR15: 4 | GS15: 3 | GT15: 1 | GU15: 1 | GV15: 1 | GW15: 7 | GX15: 9 | GY15: 7 | GZ15: 6.9237695 | HA15: 20.792902 | HB15: 6.9079857 | HC15: 34.326515 | HD15: 27.249813 | HE15: 20.338984 | HF15: 6.808279 | HG15: 6.8643603 | HH15: 6.815239 | HI15: 46.77581 | HJ15: 59.409863 | HK15: 46.747696 | HL15: 14974 | HM15: {"coordinates": [[[[-79.3390697348916, 43.7635866428472], [-79.3387719586462, 43.7629009993013], [-79.3387323519254, 43.7628318863675], [-79.3386822331191, 43.7627459435519], [-79.338644130178, 43.7626764917794], [-79.3385949474162, 43.762611946603], [-79.338526554182, 43.7625373284827], [-79.3384729328444, 43.7624701763768], [-79.3384280817589, 43.7623926483184], [-79.3384144318581, 43.7623609088801], [-79.3384244354971, 43.7623034233569], [-79.3384302179526, 43.7622360847892], [-79.3384360830531, 43.7621843369431], [-79.3384241561211, 43.7621257937403], [-79.3383906714188, 43.7620709199783], [-79.3383230219898, 43.7620249364018], [-79.3382250553181, 43.7619930053782], [-79.338126315197, 43.761990067051], [-79.3380310488612, 43.7620067465486], [-79.3379443632329, 43.7620010872368], [-79.3378737861943, 43.7619905912657], [-79.3378276532129, 43.7619793913656], [-79.3368684968312, 43.7622325976077], [-79.3366021238916, 43.7622954051192], [-79.3362175614066, 43.7607702971736], [-79.3356014743269, 43.7583266432585], [-79.3355366087769, 43.7580053965407], [-79.3354617701305, 43.7576165272817], [-79.3354337364055, 43.7575190939987], [-79.3354048313146, 43.7574218305504], [-79.3353751554692, 43.7573246830849], [-79.3353446235293, 43.7572275880171], [-79.3353134708535, 43.7571307179368], [-79.3352814602867, 43.7570338989576], [-79.3352486798637, 43.7569372692817], [-79.3352151529406, 43.7568408185286], [-79.3351809073654, 43.7567444558619], [-79.3351459027137, 43.756648173496], [-79.3351100168147, 43.7565520973062], [-79.3350733969922, 43.7564561643559], [-79.3350361564338, 43.7563604447206], [-79.3349980597809, 43.7562647800839], [-79.3349591914751, 43.7561694007855], [-79.3349195775678, 43.7560741381271], [-79.3348792432115, 43.7559789998954], [-79.334838027608, 43.7558840769296], [-79.3347870589954, 43.7557725776956], [-79.3347430370549, 43.7556594321235], [-79.3346998846836, 43.7555461526743], [-79.3346574662358, 43.7554327653012], [-79.3346135934157, 43.7553193867972], [-79.3346095536918, 43.7553074180552], [-79.3345751257586, 43.7552053579266], [-79.3345351929492, 43.7550914436861], [-79.3344961413872, 43.75497732419], [-79.3344578480033, 43.7548631337508], [-79.3344202759666, 43.7547487633597], [-79.3343837226193, 43.7546342967187], [-79.3343479022974, 43.7545196507729], [-79.334312815899, 43.7544048346055], [-79.3342786107479, 43.7542900013473], [-79.334245275166, 43.7541749089715], [-79.3342126851858, 43.7540598442756], [-79.3341809539951, 43.7539444659553], [-79.3341501157297, 43.7538291243981], [-79.3341199853367, 43.7537136139122], [-79.3340907622422, 43.7535980590802], [-79.33406316959, 43.7535128589372], [-79.3340363351158, 43.7534274795838], [-79.3340102327686, 43.7533420469009], [-79.3339850377198, 43.7532564810766], [-79.3339605505435, 43.753170763293], [-79.3339369455128, 43.7530849383218], [-79.333914086982, 43.7529990334156], [-79.3338920845458, 43.7529129596774], [-79.3338708286095, 43.7528267781015], [-79.3338504413441, 43.7527404990693], [-79.3338308248333, 43.7526541491846], [-79.3338120635186, 43.7525677187138], [-79.3337940379241, 43.7524811641815], [-79.3337768926786, 43.7523945744842], [-79.3337606053242, 43.7523078341201], [-79.3337450869276, 43.7522210754615], [-79.3337304147441, 43.7521341745708], [-79.333716498942, 43.7520473014561], [-79.3337081580846, 43.751992265313], [-79.3332668463282, 43.7520925711376], [-79.3328923773139, 43.7521752763855], [-79.3327544589683, 43.7522006199598], [-79.3325172740889, 43.7522220734489], [-79.3320466116772, 43.752235316572], [-79.331807395707, 43.7522368096595], [-79.3315859088871, 43.7522486894693], [-79.3313822446426, 43.752267327425], [-79.3308912506611, 43.7523789194916], [-79.330387413466, 43.7524909941196], [-79.3301632092424, 43.7525408692374], [-79.3292941511888, 43.7527634882654], [-79.3288136971406, 43.7528726655755], [-79.3287954011532, 43.7528791374987], [-79.3287089365104, 43.7529096925716], [-79.3285750039898, 43.7529557396061], [-79.3284238579516, 43.7530117261182], [-79.3282795606693, 43.7530949959167], [-79.3281366710469, 43.7531815339882], [-79.3280156347405, 43.7532727321558], [-79.3278472167944, 43.7534101345458], [-79.3274708550297, 43.7532943779765], [-79.3270755810333, 43.7531834981361], [-79.3268404910251, 43.7531179376086], [-79.3266484267258, 43.753048616764], [-79.3265733069068, 43.7530164129633], [-79.3265256378063, 43.7529635482099], [-79.3264448532111, 43.7527728074882], [-79.3255695069504, 43.7529825175197], [-79.3238814943781, 43.7533672504732], [-79.3217786416043, 43.7538486332924], [-79.3216346713086, 43.7538895801477], [-79.3216107087484, 43.753896391968], [-79.320521554467, 43.7541474411984], [-79.3200776798172, 43.7542494830165], [-79.3200124324832, 43.7542631163072], [-79.3199475813062, 43.7542814486693], [-79.3198671874781, 43.7543021143406], [-79.3198045758011, 43.7543103244155], [-79.3197283088335, 43.754325254122], [-79.3196602255181, 43.754332302079], [-79.3195376261431, 43.7543433327595], [-79.3194471217765, 43.7543482576333], [-79.3191963876077, 43.7543657204925], [-79.318983106898, 43.7543539241574], [-79.3183272028916, 43.7542216999293], [-79.317939304962, 43.7541271187237], [-79.3173269701452, 43.7539778119121], [-79.316922447993, 43.7538990516793], [-79.3165942538939, 43.7538630245531], [-79.3164608082601, 43.7538681032482], [-79.3162191722284, 43.7538869243292], [-79.3159309648375, 43.7539319700575], [-79.3149212566615, 43.7541600772061], [-79.3140220331807, 43.754349703301], [-79.3138077158151, 43.7537350324689], [-79.3135390952907, 43.7530144715207], [-79.3132660469702, 43.7522219112273], [-79.3130279440125, 43.7515067814747], [-79.3127562871824, 43.7506908549837], [-79.3126463181203, 43.7503649211017], [-79.3124371876272, 43.7497451874018], [-79.3121148146111, 43.7488445193937], [-79.3119740584875, 43.7484392253027], [-79.3118211113272, 43.747970901572], [-79.3117143079282, 43.7476286710687], [-79.3114175683387, 43.7467370350408], [-79.3111777001915, 43.746052502807], [-79.3111328742588, 43.74596243385], [-79.3110547882028, 43.7457374909198], [-79.3109421637206, 43.745413035652], [-79.3107937791037, 43.7449717221897], [-79.3105806654806, 43.7443862729826], [-79.3103109130789, 43.7435577046335], [-79.3100326141056, 43.7427291118365], [-79.30979697882, 43.7421526435661], [-79.311446186867, 43.7418088105178], [-79.3128202068065, 43.741631008434], [-79.3137275447693, 43.7415469523205], [-79.3142436870871, 43.7415072775031], [-79.3160770767168, 43.7413883839921], [-79.3161726933956, 43.7413821924941], [-79.3162080097627, 43.7413799002119], [-79.3180042648352, 43.7412747056508], [-79.3192824965176, 43.741191185116], [-79.3197085944063, 43.7411603274648], [-79.3221466481385, 43.7410155365536], [-79.3241700386373, 43.7408566449089], [-79.3247091257241, 43.7407989745272], [-79.3256743843615, 43.740674424122], [-79.3274458791698, 43.7403890380761], [-79.3284465628705, 43.7402014828952], [-79.3296615127327, 43.7399695919838], [-79.3305579496395, 43.7397984693565], [-79.3306544260061, 43.7399088145381], [-79.3307277635676, 43.7400098545332], [-79.3307865753709, 43.7401456797545], [-79.3308134691339, 43.7402547690989], [-79.3308018997313, 43.7403951355697], [-79.3306860251445, 43.7406304808227], [-79.3305376836467, 43.7408172519535], [-79.3305123906816, 43.7409237622106], [-79.3305375956118, 43.7410197791187], [-79.3306602749369, 43.7412737860105], [-79.3309092987135, 43.7414645393648], [-79.3312634891586, 43.741550628269], [-79.3316039533462, 43.7415778376795], [-79.3319254235555, 43.7415603976981], [-79.3320999230961, 43.7415464597278], [-79.3322700128069, 43.7415286524018], [-79.3322844110043, 43.7415254612568], [-79.3326616737792, 43.7414460648391], [-79.3327617613732, 43.7414253285304], [-79.3328482933896, 43.74135054705], [-79.3328916802212, 43.7413122830389], [-79.3329516176136, 43.7412464460116], [-79.3329898499121, 43.7411997312276], [-79.3330575685114, 43.7411130135801], [-79.3331307874953, 43.7410394719634], [-79.333217770466, 43.7409712988547], [-79.3333186952898, 43.7409168619467], [-79.3334317626414, 43.740871742171], [-79.333561332943, 43.7408385901051], [-79.3337063309113, 43.7408068561083], [-79.3338487650878, 43.7407768731252], [-79.3340117545147, 43.740744804206], [-79.334174770891, 43.7407246978442], [-79.3343346063328, 43.7406969091277], [-79.3344586358258, 43.740678150098], [-79.3346377257575, 43.7406689133636], [-79.334792067103, 43.7406794513664], [-79.3349479059403, 43.7406776970879], [-79.3351140367756, 43.7406808610196], [-79.3352720414509, 43.7407001905295], [-79.3353870060444, 43.7407229584944], [-79.3355093008905, 43.740775268771], [-79.3356354486109, 43.7408447050761], [-79.3356771241519, 43.7408775216007], [-79.3358047774487, 43.7409861871071], [-79.3358677421636, 43.7411018169115], [-79.3359253771739, 43.741200643081], [-79.3360098502516, 43.7413283303288], [-79.3360722247734, 43.7414464977243], [-79.3361560654372, 43.7415647401709], [-79.3362501989975, 43.7416879219285], [-79.3363155334681, 43.7417814753063], [-79.3363994253359, 43.7418721476327], [-79.3364893808318, 43.7419614965154], [-79.3365649830461, 43.7420599792446], [-79.3366213649066, 43.7421914320772], [-79.3366649421811, 43.7422921372331], [-79.3366529514687, 43.742409792618], [-79.3365964959463, 43.7425156205475], [-79.3365047402265, 43.7426040066657], [-79.3363861132017, 43.7427030756736], [-79.336313567056, 43.7427860625774], [-79.3362997365939, 43.742808265778], [-79.3362537778856, 43.7429393476938], [-79.3362426648273, 43.743007687298], [-79.3362368787785, 43.7430808500853], [-79.3362572983832, 43.7431734388423], [-79.33627778087, 43.7432384475941], [-79.3363244276878, 43.7433109293161], [-79.336398043727, 43.7433966722536], [-79.3364696735911, 43.7434816382378], [-79.336552346445, 43.7435653957], [-79.3366662914506, 43.7436411056995], [-79.3368013675266, 43.7437122020133], [-79.3369522458668, 43.7437618514635], [-79.3371044528153, 43.7438028169015], [-79.337238034993, 43.7438347005221], [-79.3373801331996, 43.7438395386486], [-79.3375613027311, 43.7437758966484], [-79.3376904822656, 43.7437140704232], [-79.3378149393566, 43.7436448840581], [-79.3379845799098, 43.7435693966638], [-79.3381308669606, 43.743517001216], [-79.3382859422298, 43.7434698657167], [-79.3384184985314, 43.7434636082379], [-79.3386156041761, 43.7434659932447], [-79.3388084796541, 43.7434621155805], [-79.3389787571129, 43.7434871357578], [-79.3391022359386, 43.7435224143652], [-79.3392359465753, 43.7435902010217], [-79.3393040092295, 43.7436507852284], [-79.3394071609769, 43.7437480360136], [-79.3395207134187, 43.7438465878404], [-79.3396155072408, 43.7439396764228], [-79.3397194261495, 43.7440427506423], [-79.3398029856406, 43.7441167227337], [-79.3398959433062, 43.7442054160483], [-79.3399821088099, 43.7442895988727], [-79.3400633272914, 43.7443856473741], [-79.3401215920207, 43.7444939236207], [-79.3401852744895, 43.7445914060163], [-79.3402456951755, 43.744669251771], [-79.3402751473404, 43.7447478735897], [-79.340269530175, 43.7447778396578], [-79.3402613564042, 43.7448215923618], [-79.340213833729, 43.7448895125321], [-79.3401729370274, 43.7449535888041], [-79.3401111302409, 43.745042604712], [-79.3400517255495, 43.7451334972895], [-79.3400110004261, 43.7452454693209], [-79.3399943717118, 43.7452886518946], [-79.3399725148027, 43.7453509456925], [-79.3399534938748, 43.745443784033], [-79.3399116314843, 43.7455727757231], [-79.3398781979861, 43.7456507967182], [-79.3398382993127, 43.7457410050208], [-79.3397687292855, 43.7458628828703], [-79.339676760665, 43.7459705074907], [-79.3395743410446, 43.7460768028616], [-79.3394333001551, 43.7461616034527], [-79.3393449894744, 43.746238467249], [-79.3392620201765, 43.7463321244862], [-79.3392087680464, 43.7464060930997], [-79.3391958754255, 43.7464820104149], [-79.3392025822474, 43.7465416611033], [-79.3392371601993, 43.7466167625197], [-79.3392810851217, 43.7466826410144], [-79.3393441738042, 43.7467431182599], [-79.3394269948801, 43.7467836955352], [-79.3395238323694, 43.7468104204011], [-79.339614134615, 43.7468253993516], [-79.3397054842962, 43.7468389480239], [-79.3398267981821, 43.7468651043897], [-79.3399485369711, 43.7468803889793], [-79.3400667588558, 43.7468832540688], [-79.3401449302518, 43.7468889089699], [-79.340325534743, 43.7469188739662], [-79.3404472753286, 43.7469341565953], [-79.3405487822608, 43.7469562609158], [-79.3406648805281, 43.7470015467779], [-79.3407695055126, 43.7470469500644], [-79.3408606719375, 43.7470916965871], [-79.3409795540839, 43.7471555453191], [-79.3410695715636, 43.7472173199684], [-79.3411840205241, 43.7472665531366], [-79.3412864428395, 43.7472908637302], [-79.3413855216254, 43.7473111009195], [-79.3414838350468, 43.7473255313907], [-79.3416060328749, 43.7473419210066], [-79.3417218948853, 43.7473549075806], [-79.3418235500395, 43.7473734120809], [-79.3419358996371, 43.747385952827], [-79.3420751420994, 43.747427379776], [-79.3421516040014, 43.7474645606946], [-79.3422196989949, 43.7475251520121], [-79.3422735089787, 43.7476068492838], [-79.3423010369523, 43.7476966834476], [-79.3423276944584, 43.7477963008135], [-79.3423538102803, 43.7478708665834], [-79.3423888311017, 43.7479866252066], [-79.3424248697142, 43.7480889922609], [-79.3424522889917, 43.7482339763178], [-79.3424471748827, 43.7483285629434], [-79.3424291726444, 43.7484079917646], [-79.342412985003, 43.7484918331839], [-79.3423398073417, 43.7486168942529], [-79.3422926934, 43.7487135023222], [-79.3422536921436, 43.7488454596833], [-79.3422125726598, 43.7489287547462], [-79.3421881492638, 43.7490323693623], [-79.3421975384552, 43.7491261753732], [-79.3422383489185, 43.7492083136715], [-79.3422680723747, 43.7492796895464], [-79.3423014322111, 43.7493478830441], [-79.3423523460264, 43.7494266057891], [-79.3424196603839, 43.7495209140918], [-79.3424843435759, 43.7496050115713], [-79.3425498424382, 43.749694934233], [-79.3425912314166, 43.7497745442345], [-79.3426070974612, 43.7498561527797], [-79.3426039973751, 43.7499634788592], [-79.3426025412061, 43.7500309856796], [-79.3426007472704, 43.7501139741053], [-79.3425672544834, 43.7502195658398], [-79.3425340500556, 43.7503574547815], [-79.3424830634766, 43.7504764615586], [-79.3424700828208, 43.7505679766203], [-79.3424852562643, 43.7506677047123], [-79.3425292081362, 43.7507455626811], [-79.3426119708216, 43.7508017355489], [-79.3427146311906, 43.7508463611645], [-79.3428154104874, 43.7508746286011], [-79.3429173827469, 43.7508978391403], [-79.3430199443011, 43.7509185202558], [-79.3431287033326, 43.7509342502539], [-79.3432560215578, 43.7509471172997], [-79.3433901831489, 43.7509644747318], [-79.3435114880515, 43.7509786648782], [-79.3436394081481, 43.7509889934182], [-79.3436773556806, 43.7509890816686], [-79.3438623358656, 43.7509701532566], [-79.3440033489073, 43.7509644319044], [-79.3441347266193, 43.7509632340347], [-79.3442698781538, 43.7509671988145], [-79.3443766222641, 43.7509701792126], [-79.3444794775674, 43.7509836140381], [-79.344567212428, 43.7510003491647], [-79.3446802734913, 43.7509947699246], [-79.344819047033, 43.7509955336796], [-79.3448559480283, 43.7509970423716], [-79.3450248905905, 43.7510187662344], [-79.3451184986364, 43.751025833399], [-79.3452030372911, 43.7510348771101], [-79.3453002987853, 43.7510507342618], [-79.3454050234828, 43.7510805161319], [-79.345492523883, 43.7511164767988], [-79.3455619205354, 43.7511564015625], [-79.3456437480746, 43.7512103840158], [-79.3457601823118, 43.7512603899803], [-79.3458782335166, 43.7512944473255], [-79.3460095842791, 43.7513327899617], [-79.3461445588455, 43.7513679413041], [-79.3462597812554, 43.7514110234245], [-79.346357631146, 43.7514638752736], [-79.3464021157189, 43.751515250193], [-79.346409065086, 43.7515556659031], [-79.3463960619722, 43.7515956585076], [-79.3463585555125, 43.7516362305466], [-79.3462873137206, 43.7517105391138], [-79.3462309246735, 43.751788801283], [-79.3461706207685, 43.7518774897189], [-79.3460861961998, 43.751983464431], [-79.3460018605643, 43.7520738215188], [-79.3458827843818, 43.7522113343764], [-79.3457753737216, 43.7523175388518], [-79.3456010870817, 43.7524887042094], [-79.3455106680551, 43.7525684227516], [-79.3454366837067, 43.752636145956], [-79.3453716789178, 43.7527174929935], [-79.3453005646866, 43.7528277150841], [-79.3452903993508, 43.7528982521841], [-79.34530827313, 43.752992600438], [-79.345328297476, 43.7530960516396], [-79.3453650664189, 43.7531922521225], [-79.3454001366476, 43.7532684586643], [-79.3454566523571, 43.753344757249], [-79.3455089001707, 43.7534148025423], [-79.3455419743428, 43.7534902320999], [-79.3455840397526, 43.7535792839782], [-79.3456109856179, 43.7536716378274], [-79.3456226637166, 43.753770935738], [-79.3456350442978, 43.753891650038], [-79.3456654639483, 43.7540239904937], [-79.3456659463436, 43.7541161360195], [-79.3456527806348, 43.7541993076004], [-79.3456179026455, 43.7542896321436], [-79.3455669340329, 43.7543691075586], [-79.3455069966406, 43.7544349509173], [-79.3454396382656, 43.7544988223125], [-79.3453425438581, 43.7545704124909], [-79.3452511519561, 43.7546359616943], [-79.3451553394445, 43.7546868952614], [-79.3449975880941, 43.754751409407], [-79.34479696824, 43.7548396736414], [-79.344671217575, 43.7548899718035], [-79.3445374880735, 43.7549132657857], [-79.3444165981925, 43.7549277547678], [-79.3443759395444, 43.7549330643657], [-79.3441101127805, 43.7549637111765], [-79.3439732742099, 43.7550032648232], [-79.3438386841225, 43.7550758731014], [-79.3437141075555, 43.755160665485], [-79.3436313700228, 43.7552351091797], [-79.3436119825824, 43.7553507932165], [-79.3436366305572, 43.7554376615358], [-79.3436776664977, 43.7555401151205], [-79.3437213991807, 43.7556371902168], [-79.3437761748534, 43.7557330368856], [-79.3438279321868, 43.7558295465228], [-79.343861371075, 43.7559216834288], [-79.3438591549312, 43.7560192354563], [-79.3438657054462, 43.7561220468561], [-79.3438693040972, 43.7562375020833], [-79.3438656353776, 43.7562682630712], [-79.3439052169457, 43.7565056598419], [-79.3440242643821, 43.7568291187092], [-79.3440297180541, 43.7568807122223], [-79.344104016813, 43.7570201514544], [-79.3441813339112, 43.7571589292008], [-79.3442711869992, 43.757296094928], [-79.3443833075264, 43.7574234889602], [-79.3444994830488, 43.7575487636466], [-79.3446747057332, 43.7577040476273], [-79.3448709094693, 43.75784266223], [-79.3450618382982, 43.7579572181109], [-79.3452835362221, 43.7580781160177], [-79.3454857011784, 43.7581841803171], [-79.3456876999465, 43.7582782639529], [-79.3458566883228, 43.7583917445547], [-79.3459843218567, 43.7585012541727], [-79.3460808467323, 43.7586153306146], [-79.3461681207571, 43.7587386738763], [-79.3462436789539, 43.7588694373746], [-79.3462634293138, 43.7590126727183], [-79.3462830386381, 43.7591439365002], [-79.3463122590377, 43.759270658324], [-79.3463853262062, 43.759418781479], [-79.3464844660776, 43.7595118607661], [-79.3466459445381, 43.7595922064318], [-79.3468086159614, 43.759648276919], [-79.3469446927606, 43.7596574698501], [-79.3470894922013, 43.7596599223363], [-79.347188963551, 43.7596524318723], [-79.3472179926094, 43.7596551886487], [-79.3473385402323, 43.759666655643], [-79.3474776731002, 43.759690774344], [-79.3475859371599, 43.7597121888148], [-79.3477080712076, 43.7597545136123], [-79.3478702395743, 43.7597938850223], [-79.3479830284481, 43.7598142879706], [-79.348145231849, 43.7598692663132], [-79.3482897779648, 43.759913770978], [-79.3484229783585, 43.7599704309253], [-79.3485480220494, 43.7600661162385], [-79.3486375535405, 43.7601637452046], [-79.3487070319395, 43.7602802670447], [-79.3487666576165, 43.7603929789167], [-79.3488181867778, 43.7605255080676], [-79.3489199775776, 43.760648013041], [-79.3490357246037, 43.7607373773669], [-79.3491446875527, 43.7608030502224], [-79.3492536765528, 43.7608339055333], [-79.3493675020825, 43.7608528678067], [-79.3495152749468, 43.7608894629597], [-79.3496505486521, 43.7609432523764], [-79.3497594163797, 43.7610125517486], [-79.3498084482246, 43.761077218028], [-79.3498392433708, 43.7611687830556], [-79.3498495605218, 43.7612589069838], [-79.349857715428, 43.7613555277342], [-79.3498530432902, 43.7614313021687], [-79.3496543934415, 43.7614362167273], [-79.3493659003863, 43.7614760995717], [-79.3488676965264, 43.7615392874168], [-79.347814060733, 43.7616978036623], [-79.3474977306838, 43.7617343775373], [-79.3472330411871, 43.7617604787346], [-79.3470802647067, 43.7618009413745], [-79.3468304575992, 43.7618693308099], [-79.3465071368605, 43.7619627164019], [-79.3463937083861, 43.7620063183535], [-79.3462862959293, 43.7620677785869], [-79.3461468729056, 43.7621700878198], [-79.3460184677189, 43.7622518980998], [-79.3458751693631, 43.7623874957375], [-79.3456791695446, 43.7625734211027], [-79.3451075607495, 43.7631094424762], [-79.3430519378, 43.7632075511054], [-79.3418078367085, 43.7634840616095], [-79.3417765133529, 43.7634419022903], [-79.3417556409972, 43.7634298657552], [-79.3417106389948, 43.7634039248824], [-79.3416163365512, 43.7633843782312], [-79.3410359898434, 43.7633063965723], [-79.3409648450695, 43.7632984310192], [-79.3408199773569, 43.7633227039599], [-79.3405490661284, 43.7633916619205], [-79.3404878576199, 43.7634072381265], [-79.3401384273474, 43.7634807671839], [-79.3392984441663, 43.7636575247332], [-79.3392168313244, 43.7636675273525], [-79.3391707091228, 43.7636563193325], [-79.3391411644314, 43.7636413711936], [-79.339113015722, 43.7636297018983], [-79.3390697348916, 43.7635866428472]]]], "type": "MultiPolygon"}
A16: 15 | B16: East L'Amoreaux | C16: 148 | D16: 56 | E16: 86 | F16: 82 | G16: 84 | H16: 74 | I16: 89 | J16: 104 | K16: 79 | L16: 77 | M16: 82 | N16: 80 | O16: 69 | P16: 246.46802 | Q16: 382.1543 | R16: 366.49683 | S16: 373.51593 | T16: 325.94812 | U16: 390.23108 | V16: 456.90186 | W16: 348.98618 | X16: 336.02444 | Y16: 348.28406 | Z16: 333.44449 | AA16: 288.60632 | AB16: 7 | AC16: 8 | AD16: 13 | AE16: 11 | AF16: 14 | AG16: 14 | AH16: 14 | AI16: 19 | AJ16: 46 | AK16: 52 | AL16: 73 | AM16: 40 | AN16: 30.808502 | AO16: 35.549236 | AP16: 58.103157 | AQ16: 48.912804 | AR16: 61.665859 | AS16: 61.384663 | AT16: 61.50602 | AU16: 83.93338 | AV16: 200.74187 | AW16: 220.86307 | AX16: 304.2681 | AY16: 167.30801 | BA16: 2 | BB16: 2 | BC16: 2 | BD16: 4 | BE16: 2 | BF16: 1 | BG16: 2 | BH16: 3 | BI16: 7 | BJ16: 3 | BK16: 1 | BM16: 8.8873091 | BN16: 8.9389467 | BO16: 8.8932371 | BP16: 17.618816 | BQ16: 8.7692375 | BR16: 4.3932872 | BS16: 8.8350925 | BT16: 13.091861 | BU16: 29.731565 | BV16: 12.504169 | BW16: 4.1827002 | BX16: 35 | BY16: 50 | BZ16: 20 | CA16: 33 | CB16: 35 | CC16: 40 | CD16: 23 | CE16: 14 | CF16: 24 | CG16: 26 | CH16: 36 | CI16: 56 | CJ16: 154.04251 | CK16: 222.18272 | CL16: 89.389473 | CM16: 146.7384 | CN16: 154.16464 | CO16: 175.38475 | CP16: 101.0456 | CQ16: 61.84565 | CR16: 104.73489 | CS16: 110.43153 | CT16: 150.05002 | CU16: 234.23122 | CX16: 1 | DF16: 1 | DJ16: 4.4694734 | DR16: 4.168056 | DT16: 30 | DU16: 14 | DV16: 17 | DW16: 14 | DX16: 21 | DY16: 44 | DZ16: 11 | EA16: 7 | EB16: 7 | EC16: 10 | ED16: 9 | EE16: 21 | EF16: 132.03644 | EG16: 62.211163 | EH16: 75.981049 | EI16: 62.252655 | EJ16: 92.498787 | EK16: 192.92322 | EL16: 48.326157 | EM16: 30.922825 | EN16: 30.547676 | EO16: 42.473667 | EP16: 37.512505 | EQ16: 87.836708 | ER16: 1 | ES16: 1 | ET16: 2 | EU16: 1 | EV16: 1 | EW16: 3 | EX16: 3 | EY16: 2 | EZ16: 2 | FA16: 4 | FB16: 3 | FD16: 4.4012146 | FE16: 4.4436545 | FF16: 8.9389467 | FG16: 4.4466186 | FH16: 4.4047041 | FI16: 13.153856 | FJ16: 13.179861 | FK16: 8.8350925 | FL16: 8.7279072 | FM16: 16.989466 | FN16: 12.504169 | FP16: 44 | FQ16: 32 | FR16: 28 | FS16: 26 | FT16: 33 | FU16: 26 | FV16: 34 | FW16: 17 | FX16: 35 | FY16: 40 | FZ16: 31 | GA16: 19 | GB16: 193.65344 | GC16: 142.19695 | GD16: 125.14526 | GE16: 115.61208 | GF16: 145.35524 | GG16: 114.00008 | GH16: 149.37177 | GI16: 75.098289 | GJ16: 152.73839 | GK16: 169.89467 | GL16: 129.20973 | GM16: 79.471306 | GN16: 3 | GO16: 7 | GP16: 2 | GQ16: 3 | GR16: 6 | GS16: 2 | GT16: 2 | GU16: 4 | GV16: 11 | GW16: 6 | GX16: 1 | GY16: 4 | GZ16: 13.203644 | HA16: 31.105581 | HB16: 8.9389467 | HC16: 13.339855 | HD16: 26.428225 | HE16: 8.7692375 | HF16: 8.7865744 | HG16: 17.670185 | HH16: 48.00349 | HI16: 25.4842 | HJ16: 4.168056 | HK16: 16.730801 | HL16: 23908 | HM16: {"coordinates": [[[[-79.3003215680678, 43.8086012221261], [-79.300016228906, 43.8079166126827], [-79.2993963150032, 43.8065203725611], [-79.2988403530638, 43.8052862600772], [-79.2985411458022, 43.8046286695497], [-79.2982119312169, 43.8038900064482], [-79.2978425448704, 43.8030882635958], [-79.2975463397785, 43.8024756716602], [-79.2974591690599, 43.8022954947261], [-79.2973426009737, 43.8020882533651], [-79.2972459709952, 43.8019530744548], [-79.297088308578, 43.8017187561848], [-79.2968909990158, 43.8014933861997], [-79.2966019804461, 43.8012768453034], [-79.2957017688184, 43.8014912758138], [-79.2945691127211, 43.8017682985017], [-79.2942993935571, 43.8018218287691], [-79.2930004152832, 43.8021345406833], [-79.2916089159249, 43.8024740637735], [-79.2913948599691, 43.8021586344783], [-79.2912016970302, 43.8018612353764], [-79.291078943145, 43.8016449836809], [-79.2908850768252, 43.8013295908547], [-79.290557364223, 43.8006268937249], [-79.2900534884003, 43.799437812295], [-79.2892189472132, 43.7975280282078], [-79.2885770030263, 43.7960776694929], [-79.28921130794, 43.7959258134341], [-79.289434498864, 43.7958452144148], [-79.2898007590733, 43.7957108720996], [-79.2902174983134, 43.795585613145], [-79.2904429161609, 43.7955320189328], [-79.2906543544259, 43.7954784000327], [-79.2913538860124, 43.7953266423075], [-79.2919927094519, 43.795210782696], [-79.2927492517196, 43.7951941455278], [-79.2931469278111, 43.795185856121], [-79.2933232823727, 43.7951681723949], [-79.2934545729481, 43.7951594096372], [-79.2946936030498, 43.7948465931311], [-79.2947702329368, 43.7948294663012], [-79.2948933353684, 43.7948019458685], [-79.2952695992167, 43.7946945977744], [-79.2955681983189, 43.7945871191537], [-79.2957736663805, 43.7944524692488], [-79.2960398461824, 43.7942819232472], [-79.2962322671129, 43.7941022435914], [-79.2963850876107, 43.7939224933645], [-79.296591882484, 43.79362582361], [-79.2972648275314, 43.7925648940717], [-79.2974974732236, 43.7921872595699], [-79.2976964302961, 43.7919085765077], [-79.2978967150786, 43.7916929035289], [-79.2981108384081, 43.7915222601645], [-79.2984740236842, 43.79136088089], [-79.2986046611844, 43.7913071045616], [-79.2988386094338, 43.7912444993584], [-79.2993864883323, 43.7911194463322], [-79.3005452521667, 43.7908424306887], [-79.3014886413186, 43.7906460393558], [-79.3022984752422, 43.7904494080915], [-79.3037852274616, 43.7901009169921], [-79.3055859309913, 43.7896899233798], [-79.3059869488156, 43.78960059388], [-79.3062411154472, 43.7895290151433], [-79.3064408872916, 43.7894753474087], [-79.3066018770686, 43.7894036102921], [-79.306631820612, 43.7893885933643], [-79.3067271031175, 43.7893408143862], [-79.3069012568067, 43.7892781098507], [-79.3070094265434, 43.7892062843034], [-79.3071130067872, 43.7891164469644], [-79.3072553439456, 43.7890446776412], [-79.3073309668212, 43.7889547940167], [-79.3074314838099, 43.7888469497011], [-79.3075219414641, 43.7887300957127], [-79.3075827861549, 43.7886491886823], [-79.3076475510936, 43.7885502852303], [-79.3076999219764, 43.7884423682021], [-79.3077601549145, 43.7883074528364], [-79.307811841281, 43.7881725319782], [-79.307816904186, 43.7880465237719], [-79.3078437117106, 43.7879205626405], [-79.3078907070747, 43.787794625238], [-79.307890328884, 43.7876686084531], [-79.3079680026134, 43.7871736852057], [-79.3080143592753, 43.7870027500793], [-79.3080334008644, 43.786876765996], [-79.3080647790172, 43.7867778057847], [-79.3081381641894, 43.7866519126676], [-79.3082161640072, 43.7865440395534], [-79.308272332967, 43.7864631230788], [-79.3083409435934, 43.7863732271416], [-79.3084375493174, 43.7862743763446], [-79.3085083644096, 43.7862294898601], [-79.3086359332648, 43.7861576937238], [-79.3087526127421, 43.7860948807889], [-79.3088910646869, 43.786023103298], [-79.3090348894555, 43.7859693370829], [-79.3092261156267, 43.7859066484661], [-79.3099084363906, 43.7857367719972], [-79.3109559762165, 43.7854864779101], [-79.3123083359778, 43.7885850100472], [-79.3132847876236, 43.7907992699658], [-79.3133887649228, 43.7910350174777], [-79.3136864046242, 43.7917195720225], [-79.31388611179, 43.7921879560084], [-79.3140612078119, 43.792575290004], [-79.3146017375931, 43.7938363274216], [-79.3150396698874, 43.7948811683944], [-79.3151496811703, 43.7952233983584], [-79.3152882732523, 43.7956106802595], [-79.3154764056257, 43.7960610494248], [-79.3156181606758, 43.7964393169326], [-79.3157693363584, 43.7967816028133], [-79.3160130762444, 43.7973400659624], [-79.3161812606285, 43.7977093736592], [-79.3163695582918, 43.7981057175409], [-79.3165409047458, 43.7984660287045], [-79.3166180673337, 43.7986281636102], [-79.3166821809939, 43.798745271863], [-79.3167587219476, 43.7988624097119], [-79.3168584547071, 43.799015579704], [-79.3169126312036, 43.7990786740724], [-79.3169977384919, 43.7991868143881], [-79.3170836174331, 43.7992949655305], [-79.3171858520006, 43.7993941325962], [-79.3172942732655, 43.7995023196722], [-79.317442180877, 43.799646565128], [-79.3176025256637, 43.7997908303351], [-79.3177767718794, 43.7999621295794], [-79.3179161697502, 43.8000973596768], [-79.3180299431776, 43.8002325486211], [-79.3181321274395, 43.8003497256978], [-79.318177012661, 43.8004038038069], [-79.3182465620269, 43.8005209202501], [-79.3183315929584, 43.8006560719278], [-79.3184080854031, 43.8007912012555], [-79.3184837531945, 43.8009443410171], [-79.3185523979569, 43.801106460769], [-79.3186149377687, 43.8012325756494], [-79.318749270938, 43.8015028138859], [-79.31947017614, 43.8030521117919], [-79.3201770415724, 43.8046283946628], [-79.3206278215719, 43.8055832213774], [-79.3206802831845, 43.8056992112837], [-79.3152161268569, 43.8069005809688], [-79.3107975430447, 43.8078718721093], [-79.309960843206, 43.8080677692406], [-79.3093500193555, 43.8082107791409], [-79.3093990116744, 43.8083601709912], [-79.3090337593749, 43.8082848248896], [-79.3068523390479, 43.8087950060892], [-79.3064173217868, 43.8088967926106], [-79.3060556187309, 43.8089769552409], [-79.3058770803648, 43.8090165276235], [-79.3010155579473, 43.8100938259604], [-79.3007628115522, 43.80953809842], [-79.3004725712737, 43.8089218534923], [-79.3003215680678, 43.8086012221261]]]], "type": "MultiPolygon"}
A17: 16 | B17: L'Amoreaux West | C17: 147 | D17: 69 | E17: 79 | F17: 95 | G17: 103 | H17: 93 | I17: 113 | J17: 85 | K17: 101 | L17: 99 | M17: 119 | N17: 114 | O17: 96 | P17: 304.25964 | Q17: 350.92395 | R17: 415.22794 | S17: 449.15402 | T17: 403.80356 | U17: 490.64304 | V17: 371.17905 | W17: 444.13174 | X17: 430.60327 | Y17: 502.93732 | Z17: 471.83478 | AA17: 398.04297 | AB17: 11 | AC17: 12 | AD17: 15 | AE17: 14 | AF17: 19 | AG17: 22 | AH17: 21 | AI17: 19 | AJ17: 31 | AK17: 66 | AL17: 57 | AM17: 55 | AN17: 48.505157 | AO17: 53.304905 | AP17: 65.562309 | AQ17: 61.05006 | AR17: 82.497505 | AS17: 95.523422 | AT17: 91.703056 | AU17: 83.549538 | AV17: 134.83537 | AW17: 278.94003 | AX17: 235.91739 | AY17: 228.04544 | AZ17: 2 | BA17: 1 | BB17: 5 | BC17: 7 | BD17: 7 | BE17: 6 | BF17: 5 | BG17: 7 | BH17: 3 | BI17: 8 | BJ17: 11 | BK17: 8 | BL17: 8.8191195 | BM17: 4.4420753 | BN17: 21.854101 | BO17: 30.52503 | BP17: 30.393818 | BQ17: 26.051844 | BR17: 21.834061 | BS17: 30.781408 | BT17: 13.048584 | BU17: 33.810913 | BV17: 45.527916 | BW17: 33.170246 | BX17: 33 | BY17: 34 | BZ17: 30 | CA17: 40 | CB17: 41 | CC17: 46 | CD17: 25 | CE17: 17 | CF17: 17 | CG17: 27 | CH17: 41 | CI17: 39 | CJ17: 145.51547 | CK17: 151.03056 | CL17: 131.12462 | CM17: 174.42874 | CN17: 178.02094 | CO17: 199.7308 | CP17: 109.1703 | CQ17: 74.754845 | CR17: 73.941978 | CS17: 114.11183 | CT17: 169.69496 | CU17: 161.70496 | CV17: 1 | CX17: 1 | CY17: 1 | DB17: 3 | DD17: 1 | DE17: 1 | DH17: 4.4095597 | DJ17: 4.3708205 | DK17: 4.3607187 | DN17: 13.100436 | DP17: 4.3495283 | DQ17: 4.2263641 | DT17: 25 | DU17: 24 | DV17: 23 | DW17: 27 | DX17: 22 | DY17: 21 | DZ17: 16 | EA17: 8 | EB17: 10 | EC17: 19 | ED17: 27 | EE17: 21 | EF17: 110.239 | EG17: 106.60981 | EH17: 100.52887 | EI17: 117.7394 | EJ17: 95.523422 | EK17: 91.18145 | EL17: 69.868996 | EM17: 35.178753 | EN17: 43.495281 | EO17: 80.300919 | EP17: 111.75034 | EQ17: 87.071899 | ER17: 1 | ES17: 3 | ET17: 5 | EU17: 11 | EV17: 6 | EW17: 6 | EX17: 8 | EY17: 3 | EZ17: 4 | FA17: 1 | FB17: 3 | FC17: 1 | FD17: 4.4095597 | FE17: 13.326226 | FF17: 21.854101 | FG17: 47.967907 | FH17: 26.051844 | FI17: 26.051844 | FJ17: 34.934498 | FK17: 13.192032 | FL17: 17.398113 | FM17: 4.2263641 | FN17: 12.416704 | FO17: 4.1462808 | FP17: 36 | FQ17: 36 | FR17: 24 | FS17: 33 | FT17: 34 | FU17: 32 | FV17: 39 | FW17: 37 | FX17: 49 | FY17: 47 | FZ17: 33 | GA17: 31 | GB17: 158.74416 | GC17: 159.91472 | GD17: 104.89969 | GE17: 143.90372 | GF17: 147.62711 | GG17: 138.94316 | GH17: 170.30568 | GI17: 162.70172 | GJ17: 213.12688 | GK17: 198.63911 | GL17: 136.58376 | GM17: 128.5347 | GN17: 1 | GO17: 2 | GP17: 2 | GQ17: 3 | GR17: 3 | GT17: 3 | GU17: 3 | GV17: 5 | GW17: 2 | GX17: 8 | GY17: 10 | GZ17: 4.4095597 | HA17: 8.8841505 | HB17: 8.741641 | HC17: 13.082156 | HD17: 13.025922 | HF17: 13.100436 | HG17: 13.192032 | HH17: 21.747641 | HI17: 8.4527283 | HJ17: 33.111214 | HK17: 41.462807 | HL17: 24118 | HM17: {"coordinates": [[[[-79.3216513422437, 43.7755931887486], [-79.3230203352108, 43.7752532275286], [-79.3241738169514, 43.777751696129], [-79.3242347631518, 43.7778836478293], [-79.3250458924461, 43.7795950318494], [-79.3253985341957, 43.7803606240975], [-79.3262883990279, 43.7822432022955], [-79.3264107100437, 43.7825010916068], [-79.3269591423045, 43.7836573557639], [-79.3270612142769, 43.7838827106551], [-79.3272284221924, 43.7842518304268], [-79.327936823744, 43.7857381248162], [-79.3280011673728, 43.7858731393682], [-79.3290085129796, 43.7880079316466], [-79.3295897364431, 43.7892599678432], [-79.3307911100665, 43.7917729796558], [-79.3314156583778, 43.7931150725673], [-79.3318317148983, 43.7940247818256], [-79.3322917062227, 43.7950695624424], [-79.3326968284495, 43.7959749954986], [-79.3329485902911, 43.796537654888], [-79.333410198583, 43.7975734048227], [-79.3336364365923, 43.7980597772316], [-79.3342046066365, 43.7993297256005], [-79.334698056612, 43.8004391260113], [-79.3348615841296, 43.8008068163474], [-79.3351233523051, 43.8013832388671], [-79.3353873015901, 43.8020136890381], [-79.3355388150392, 43.8023378665412], [-79.3304626006586, 43.8034990911549], [-79.3270563903239, 43.8042781469595], [-79.3250724080183, 43.804733330028], [-79.3236258590011, 43.8050514654039], [-79.3206802831845, 43.8056992112837], [-79.3206278215719, 43.8055832213774], [-79.3201770415724, 43.8046283946628], [-79.31947017614, 43.8030521117919], [-79.318749270938, 43.8015028138859], [-79.3186149377687, 43.8012325756494], [-79.3185523979569, 43.801106460769], [-79.3184837531945, 43.8009443410171], [-79.3184080854031, 43.8007912012555], [-79.3183315929584, 43.8006560719278], [-79.3182465620269, 43.8005209202501], [-79.318177012661, 43.8004038038069], [-79.3181321274395, 43.8003497256978], [-79.3180299431776, 43.8002325486211], [-79.3179161697502, 43.8000973596768], [-79.3177767718794, 43.7999621295794], [-79.3176025256637, 43.7997908303351], [-79.317442180877, 43.799646565128], [-79.3172942732655, 43.7995023196722], [-79.3171858520006, 43.7993941325962], [-79.3170836174331, 43.7992949655305], [-79.3169977384919, 43.7991868143881], [-79.3169126312036, 43.7990786740724], [-79.3168584547071, 43.799015579704], [-79.3167587219476, 43.7988624097119], [-79.3166821809939, 43.798745271863], [-79.3166180673337, 43.7986281636102], [-79.3165409047458, 43.7984660287045], [-79.3163695582918, 43.7981057175409], [-79.3161812606285, 43.7977093736592], [-79.3160130762444, 43.7973400659624], [-79.3157693363584, 43.7967816028133], [-79.3156181606758, 43.7964393169326], [-79.3154764056257, 43.7960610494248], [-79.3152882732523, 43.7956106802595], [-79.3151496811703, 43.7952233983584], [-79.3150396698874, 43.7948811683944], [-79.3146017375931, 43.7938363274216], [-79.3140612078119, 43.792575290004], [-79.31388611179, 43.7921879560084], [-79.3136864046242, 43.7917195720225], [-79.3133887649228, 43.7910350174777], [-79.3132847876236, 43.7907992699658], [-79.3123083359778, 43.7885850100472], [-79.3109559762165, 43.7854864779101], [-79.3124136885977, 43.7851558105919], [-79.3129545291959, 43.7850216705847], [-79.3144401764876, 43.784682021088], [-79.3147920007703, 43.7846036702928], [-79.3149058748089, 43.7845774000676], [-79.3149912785413, 43.7845576190805], [-79.3151070597033, 43.7845295154236], [-79.3152325013479, 43.7844993669182], [-79.3153221118908, 43.7844764048329], [-79.3154561746671, 43.784442381292], [-79.3155102173147, 43.7844274727204], [-79.3155898421848, 43.7844034872154], [-79.3156875681079, 43.7843722037053], [-79.3157766190004, 43.7843419591368], [-79.3158678510023, 43.7843090989974], [-79.3159344601823, 43.7842840576238], [-79.3159823008611, 43.7842650606232], [-79.3160351074267, 43.7842436063016], [-79.3160966608883, 43.7842180343953], [-79.3161575424101, 43.7841928029614], [-79.3162517990396, 43.7841538535966], [-79.3164889848173, 43.7840372109374], [-79.3166934593423, 43.7839322612746], [-79.3168803116163, 43.7838038081985], [-79.3170491490756, 43.7836960648421], [-79.3171924627028, 43.7835890904673], [-79.3173115272072, 43.7834979728847], [-79.3173955852633, 43.7834253511087], [-79.3181996627825, 43.7827707912938], [-79.3182946120131, 43.782698933282], [-79.3184347617738, 43.7825731398837], [-79.3186044589209, 43.7824293902221], [-79.3187313315817, 43.7823305789512], [-79.3188535312065, 43.7822317597343], [-79.3189881545316, 43.7821329604594], [-79.3190932313687, 43.7820521171387], [-79.3192580605452, 43.7819803685189], [-79.3193514278426, 43.7819175077408], [-79.3194882511418, 43.7818637170791], [-79.3196957529893, 43.7818010273997], [-79.319874478205, 43.7817563035891], [-79.3201682129298, 43.7816847563187], [-79.319801181966, 43.7808200857771], [-79.3194697036262, 43.7800094681631], [-79.319185854861, 43.7793789473364], [-79.3185944337223, 43.7780327153199], [-79.3185444155273, 43.7779188523261], [-79.3185210719063, 43.7778657261335], [-79.3185153568245, 43.7778533584674], [-79.3183876280692, 43.7775774864634], [-79.3182409529462, 43.7772982163923], [-79.3180749029592, 43.7770099253402], [-79.3177673665183, 43.7765233907017], [-79.3187929730782, 43.776272934153], [-79.3203181013266, 43.7759152056478], [-79.3204113239952, 43.7758973404414], [-79.3216513422437, 43.7755931887486]]]], "type": "MultiPolygon"}
A18: 17 | B18: Malvern East | C18: 146 | D18: 140 | E18: 192 | F18: 167 | G18: 180 | H18: 174 | I18: 216 | J18: 166 | K18: 140 | L18: 129 | M18: 145 | N18: 144 | O18: 144 | P18: 514.59235 | Q18: 713.80774 | R18: 625.6322 | S18: 667.25977 | T18: 636.61639 | U18: 784.0575 | V18: 602.34406 | W18: 509.7211 | X18: 466.05731 | Y18: 512.3313 | Z18: 501.82959 | AA18: 505.86664 | AB18: 18 | AC18: 14 | AD18: 18 | AE18: 27 | AF18: 33 | AG18: 40 | AH18: 42 | AI18: 43 | AJ18: 44 | AK18: 67 | AL18: 79 | AM18: 64 | AN18: 66.161873 | AO18: 52.048481 | AP18: 67.433411 | AQ18: 100.08897 | AR18: 120.73759 | AS18: 145.19583 | AT18: 152.4003 | AU18: 156.55721 | AV18: 158.96529 | AW18: 236.73239 | AX18: 275.3093 | AY18: 224.82962 | AZ18: 5 | BA18: 4 | BB18: 5 | BC18: 3 | BD18: 2 | BE18: 2 | BF18: 3 | BG18: 7 | BH18: 1 | BI18: 6 | BJ18: 10 | BK18: 6 | BL18: 18.3783 | BM18: 14.870995 | BN18: 18.731503 | BO18: 11.120996 | BP18: 7.31743 | BQ18: 7.2597919 | BR18: 10.885736 | BS18: 25.486055 | BT18: 3.6128473 | BU18: 21.199915 | BV18: 34.849277 | BW18: 21.077778 | BX18: 29 | BY18: 22 | BZ18: 41 | CA18: 23 | CB18: 33 | CC18: 15 | CD18: 14 | CE18: 20 | CF18: 16 | CG18: 33 | CH18: 14 | CI18: 23 | CJ18: 106.59413 | CK18: 81.790466 | CL18: 153.59833 | CM18: 85.260971 | CN18: 120.73759 | CO18: 54.448437 | CP18: 50.800102 | CQ18: 72.817299 | CR18: 57.805557 | CS18: 116.59953 | CT18: 48.788986 | CU18: 80.798141 | CX18: 4 | CY18: 2 | CZ18: 1 | DB18: 1 | DC18: 1 | DD18: 1 | DJ18: 14.985202 | DK18: 7.4139977 | DL18: 3.658715 | DN18: 3.6285787 | DO18: 3.6408651 | DP18: 3.6128473 | DT18: 24 | DU18: 28 | DV18: 29 | DW18: 33 | DX18: 32 | DY18: 23 | DZ18: 16 | EA18: 22 | EB18: 17 | EC18: 20 | ED18: 17 | EE18: 23 | EF18: 88.215836 | EG18: 104.09696 | EH18: 108.64272 | EI18: 122.33096 | EJ18: 117.07888 | EK18: 83.487602 | EL18: 58.057259 | EM18: 80.09903 | EN18: 61.418404 | EO18: 70.666382 | EP18: 59.243771 | EQ18: 80.798141 | ER18: 2 | ES18: 4 | ET18: 9 | EU18: 6 | EV18: 7 | EW18: 5 | EX18: 9 | EY18: 4 | EZ18: 5 | FA18: 3 | FB18: 5 | FD18: 7.3513198 | FE18: 14.870995 | FF18: 33.716705 | FG18: 22.241993 | FH18: 25.611006 | FI18: 18.149479 | FJ18: 32.657207 | FK18: 14.56346 | FL18: 18.064236 | FM18: 10.599957 | FN18: 17.424639 | FP18: 29 | FQ18: 20 | FR18: 27 | FS18: 52 | FT18: 26 | FU18: 36 | FV18: 61 | FW18: 26 | FX18: 72 | FY18: 52 | FZ18: 36 | GA18: 53 | GB18: 106.59413 | GC18: 74.354973 | GD18: 101.15012 | GE18: 192.76393 | GF18: 95.126595 | GG18: 130.67625 | GH18: 221.34329 | GI18: 94.662491 | GJ18: 260.125 | GK18: 183.7326 | GL18: 125.4574 | GM18: 186.18703 | GN18: 6 | GO18: 1 | GP18: 2 | GQ18: 3 | GR18: 5 | GS18: 3 | GT18: 4 | GU18: 2 | GV18: 8 | GX18: 7 | GY18: 10 | GZ18: 22.053959 | HA18: 3.7177486 | HB18: 7.4926009 | HC18: 11.120996 | HD18: 18.293575 | HE18: 10.889688 | HF18: 14.514315 | HG18: 7.2817302 | HH18: 28.902779 | HJ18: 24.394493 | HK18: 35.129627 | HL18: 28466 | HM18: {"coordinates": [[[[-79.2346263133744, 43.7857920689342], [-79.2352947111497, 43.7856066917596], [-79.2353713599014, 43.7857949127049], [-79.2354036615223, 43.7858742068347], [-79.2354479969749, 43.7859830695026], [-79.2354955070736, 43.7860875032349], [-79.2355440008276, 43.7861918667447], [-79.235593239285, 43.7862958442048], [-79.2356434865504, 43.786399743662], [-79.2356946186564, 43.7865032765279], [-79.2357467182479, 43.7866066399525], [-79.23579970268, 43.7867097444418], [-79.2358535584779, 43.7868126535514], [-79.2359065429099, 43.7869156850523], [-79.235947734259, 43.7869884919528], [-79.2359880416658, 43.7870615036934], [-79.2360032492453, 43.7870897838513], [-79.2360274651304, 43.7871348370048], [-79.2360660558567, 43.7872083128977], [-79.2361038767267, 43.7872820915527], [-79.2361409493002, 43.787356086069], [-79.2361771639826, 43.7874302581839], [-79.2362125099941, 43.7875045897387], [-79.236246971165, 43.7875792169185], [-79.2362806867342, 43.7876540048337], [-79.2363135174629, 43.7877290410313], [-79.236345616963, 43.7878041847858], [-79.2363764992458, 43.7878789659345], [-79.2365203437773, 43.7882293785129], [-79.2365256833633, 43.7882442342566], [-79.2365747044284, 43.7883789856959], [-79.2370617197715, 43.7895630824797], [-79.2374620135537, 43.7905451088459], [-79.2377653324043, 43.7913378870719], [-79.2378265382179, 43.7915203990836], [-79.2379677300243, 43.7919414091251], [-79.238293990949, 43.7927791632592], [-79.238406307309, 43.7930675377893], [-79.2386608880639, 43.7936441834641], [-79.2387561822475, 43.793878430948], [-79.2349347643002, 43.7946708135108], [-79.2323609670437, 43.795187123783], [-79.2321845513967, 43.7952225171555], [-79.2303250234872, 43.7956033486208], [-79.2300117971173, 43.7956674976736], [-79.2294450562927, 43.7957921826102], [-79.2275459872394, 43.7961567353576], [-79.2230379303266, 43.7970460035337], [-79.2182288722166, 43.7980063700295], [-79.2176690565045, 43.7981310131278], [-79.2178120072124, 43.7984631570077], [-79.217886994979, 43.798652744458], [-79.2181013824131, 43.7992274903097], [-79.2181458768675, 43.7993615284111], [-79.2181958240956, 43.799477522617], [-79.2182338866125, 43.7995889877145], [-79.2182618826083, 43.7996847295932], [-79.2182943037052, 43.7997830648009], [-79.2183120292624, 43.799851103476], [-79.21832898676, 43.7999289149407], [-79.2183502867137, 43.8000321747493], [-79.218351999801, 43.8001014152134], [-79.2183601223678, 43.8001740290476], [-79.2183658832637, 43.8002411647525], [-79.2183722837601, 43.8003021538825], [-79.2183742798167, 43.8003797397773], [-79.2183759929039, 43.8004489895642], [-79.2183673232631, 43.8005325797534], [-79.2183641414304, 43.8006173537339], [-79.2183512398263, 43.8007103027727], [-79.2183381711355, 43.8007912907291], [-79.2183225458395, 43.8008740712877], [-79.2183061695519, 43.8009474077503], [-79.2182854364351, 43.8010145049815], [-79.2182657642287, 43.801080182885], [-79.2182520361745, 43.8011481163461], [-79.2182103148194, 43.8012355762357], [-79.2181458948338, 43.8013509554058], [-79.2180744949384, 43.8015231507377], [-79.2178659555368, 43.8019567868899], [-79.2178027509717, 43.8020827190869], [-79.2177541494199, 43.8021849242066], [-79.2175476680585, 43.8026156931352], [-79.217437173482, 43.8028315101725], [-79.2173898789789, 43.8029406220352], [-79.2173377066238, 43.8030460310566], [-79.2172890089522, 43.8031710707951], [-79.2172602044727, 43.8032808310186], [-79.217230328303, 43.8033727936912], [-79.2172203974275, 43.8034123282933], [-79.2172108474377, 43.8034504339483], [-79.217198972608, 43.8035227377003], [-79.2171750576585, 43.803655399489], [-79.2171674201819, 43.8037567513126], [-79.2171665928335, 43.8038661940768], [-79.217174697434, 43.80395801581], [-79.2171770689864, 43.8040403102758], [-79.2171948691037, 43.804123938878], [-79.217199488241, 43.8041961212269], [-79.2172101440568, 43.8042477503834], [-79.2172133519407, 43.8042974539801], [-79.2172252258721, 43.8043596001121], [-79.217253202105, 43.8044361155479], [-79.2172851435016, 43.8045333615392], [-79.2173266079385, 43.8046488678939], [-79.2173707062358, 43.8047589793831], [-79.217424032926, 43.8048597886393], [-79.217470067991, 43.8049495446118], [-79.217485844204, 43.8049803045351], [-79.2175502013076, 43.8050798355927], [-79.2176206732433, 43.8051743952274], [-79.2176971791628, 43.8052675841829], [-79.2177592814951, 43.8053580183234], [-79.2181578082911, 43.8058803828241], [-79.2185254213632, 43.8063809223133], [-79.2186575114392, 43.8065455984591], [-79.2189542698934, 43.8069468697447], [-79.2194714542569, 43.8076333586615], [-79.2195371193076, 43.8077205964196], [-79.2196481061609, 43.8078516275301], [-79.21974346143, 43.8079501807322], [-79.2198375851088, 43.8080381992062], [-79.2199448143094, 43.8081412550528], [-79.2200321530129, 43.808221200227], [-79.2201460674758, 43.8083167558303], [-79.2202557409921, 43.8084024626565], [-79.2203583564454, 43.8084717530611], [-79.2204606844377, 43.8085519156136], [-79.2205659229715, 43.8086158193302], [-79.2206774012033, 43.8086903054031], [-79.2208235418287, 43.8087761919132], [-79.2209211644456, 43.8088262061541], [-79.2210200069746, 43.8088867463434], [-79.2211191216932, 43.8089364039425], [-79.2212556620231, 43.809007647615], [-79.2213845487068, 43.8090650026705], [-79.2214960314302, 43.8091202883955], [-79.2216237907282, 43.8091634987677], [-79.2216621460959, 43.8091826116736], [-79.2217564656075, 43.8092296111277], [-79.2219224015085, 43.8093038235147], [-79.2221357406086, 43.8093997546769], [-79.2225134884738, 43.8095702445628], [-79.2228161398762, 43.8097084524241], [-79.2232181206945, 43.8098890802305], [-79.2234338924325, 43.8099868592898], [-79.2236423195447, 43.810079102707], [-79.2237853537958, 43.8101500889545], [-79.2239159454819, 43.8102190564443], [-79.2240482592384, 43.8102996652453], [-79.2242151222007, 43.8103952726251], [-79.224408118053, 43.8105246072216], [-79.2245346709136, 43.8106149141247], [-79.2245447050954, 43.8106223106915], [-79.2245176909581, 43.8106477727659], [-79.2244178288413, 43.8107428441326], [-79.2243186728002, 43.8108383957016], [-79.2242201743259, 43.8109342174379], [-79.224122158247, 43.8110303553657], [-79.2240361104225, 43.8111241283319], [-79.2239506447064, 43.8112182719479], [-79.2238658114042, 43.811312686382], [-79.2237818710274, 43.8114075259153], [-79.2236985262337, 43.8115026466355], [-79.223615925245, 43.8115980478933], [-79.2235340797395, 43.8116938820239], [-79.2234528549698, 43.8117899253822], [-79.2233724611417, 43.8118863938312], [-79.2232927248805, 43.8119830708569], [-79.223213731526, 43.8120801723215], [-79.2231354702984, 43.8121774823602], [-79.2230579654523, 43.8122752265578], [-79.2230054490425, 43.8123422112379], [-79.2229811927332, 43.812373143674], [-79.2229051629208, 43.8124714489211], [-79.2228299029647, 43.812569990611], [-79.2227553392028, 43.8126688406961], [-79.2226815417039, 43.8127680516816], [-79.2226084898067, 43.8128674978092], [-79.2225362068674, 43.8129672439005], [-79.2224646434785, 43.8130672530053], [-79.2223938113184, 43.8131675413275], [-79.2223237490144, 43.8132681030321], [-79.2222554258489, 43.8133687585597], [-79.2188902864889, 43.8181245856806], [-79.2183891127987, 43.8188328093406], [-79.2179780464196, 43.8194136805773], [-79.2177113069673, 43.8197905816971], [-79.2176704578764, 43.8198483126963], [-79.217631607537, 43.8198329326762], [-79.2173850325679, 43.8197343018591], [-79.2169297547038, 43.8195521722368], [-79.2160630717958, 43.8192262707176], [-79.215869524378, 43.8191534927243], [-79.2157105414373, 43.8190900896444], [-79.2156034918998, 43.8190538198375], [-79.2155282921308, 43.819017627788], [-79.2154058203165, 43.8189623168725], [-79.2152538361502, 43.8188758798122], [-79.2150795836463, 43.8187767839766], [-79.2149308136521, 43.8186836932297], [-79.2137266992689, 43.8179302706703], [-79.2111781509601, 43.8163412862108], [-79.2093736915741, 43.8152036627752], [-79.2063992807352, 43.8133477386238], [-79.2061490963353, 43.8132060841453], [-79.2057317336644, 43.8130024867234], [-79.2050692288373, 43.8125687168354], [-79.2050320287031, 43.8125506181999], [-79.2049948276706, 43.812532520207], [-79.2049583964942, 43.8125144241534], [-79.2049223515934, 43.8124963287425], [-79.2048867172227, 43.8124782339744], [-79.2048518625897, 43.8124556508352], [-79.2048173834525, 43.8124375502206], [-79.2047833121504, 43.8124149599355], [-79.2047499891449, 43.8123968716251], [-79.2047167020721, 43.8123742826211], [-79.2046845693343, 43.8123516962014], [-79.2046528228722, 43.8123291117179], [-79.2046214734654, 43.8123065285223], [-79.2045908948132, 43.8122839459665], [-79.2045607141145, 43.812261365995], [-79.204531690446, 43.8122387879597], [-79.2045027000152, 43.8122117098638], [-79.2044744462029, 43.8121891337544], [-79.2044469981794, 43.8121620601736], [-79.2044203325885, 43.8121349872288], [-79.2043940523749, 43.8121079168646], [-79.2043654482196, 43.8120808387092], [-79.2043341311521, 43.8120492533467], [-79.2043032012586, 43.8120221706271], [-79.2042730537976, 43.8119905884747], [-79.2042433033921, 43.8119590082503], [-79.2042142887067, 43.8119319293793], [-79.2041860923865, 43.8119003523651], [-79.2041586533462, 43.8118687772789], [-79.2041316248359, 43.8118372034725], [-79.2041053670802, 43.8118056322424], [-79.2040799025368, 43.8117695615584], [-79.2040548134893, 43.8117379928854], [-79.2040308931499, 43.811706427437], [-79.2040077426667, 43.8116748632684], [-79.2039845930818, 43.8116432990831], [-79.2039626337647, 43.8116072386729], [-79.2039414443038, 43.8115711788892], [-79.2039206303386, 43.8115396211315], [-79.2039009734036, 43.8115080665984], [-79.2038817243037, 43.811472012589], [-79.2038636430136, 43.8114359611508], [-79.2038459372194, 43.8114044117489], [-79.2038290237392, 43.8113683628629], [-79.2038128944883, 43.8113323171963], [-79.2037975234155, 43.8112962721562], [-79.2037829464533, 43.8112602303357], [-79.2037687566651, 43.8112241891416], [-79.2034975256365, 43.8106114103169], [-79.2034465848716, 43.8104964879003], [-79.2029761865647, 43.8094354209777], [-79.2028423977745, 43.809147056724], [-79.2027617955373, 43.8090037385438], [-79.2027275930811, 43.8089429093443], [-79.2025212105345, 43.8084936583134], [-79.2025070306278, 43.8084531254869], [-79.2024924437842, 43.8084170832471], [-79.2024767349448, 43.8083765374031], [-79.2024605823377, 43.8083404912275], [-79.2024432951583, 43.8082999407935], [-79.2024256145169, 43.8082638900337], [-79.2024067741505, 43.8082233369546], [-79.2023871630295, 43.8081827799584], [-79.20236714587, 43.8081467232933], [-79.202346343583, 43.80811066531], [-79.202324395944, 43.8080701036993], [-79.2023020413681, 43.8080340404834], [-79.2022789160378, 43.8079979759492], [-79.2022550424108, 43.8079574090756], [-79.2022303414354, 43.8079258403326], [-79.2022045166676, 43.8078852682239], [-79.2021782490304, 43.8078536962012], [-79.2021516409317, 43.8078131208021], [-79.2021203624918, 43.8077770360377], [-79.2020910450742, 43.8077364541035], [-79.2020620788979, 43.8077003738308], [-79.2020339292901, 43.8076597950861], [-79.2020065513352, 43.8076192189069], [-79.2019795578592, 43.8075786433484], [-79.2019537330914, 43.8075380723004], [-79.2019286799765, 43.8074975018731], [-79.2019040239169, 43.8074569320665], [-79.2018801502899, 43.8074163641772], [-79.2018570474174, 43.8073757995019], [-79.2018347161978, 43.8073352360956], [-79.2018131548343, 43.8072946752549], [-79.2017923983613, 43.8072496159055], [-79.2017720173842, 43.8072090569515], [-79.2017528275731, 43.8071640014272], [-79.2017343618041, 43.8071234482497], [-79.2017163047686, 43.8070828963412], [-79.2016994523739, 43.8070378472047], [-79.2016829368474, 43.8069972984796], [-79.2016676250633, 43.80695225252], [-79.2003650912576, 43.8040730078596], [-79.2003466515397, 43.8040324551769], [-79.2003289816781, 43.8039919037634], [-79.2003120951474, 43.8039513542672], [-79.2002959802695, 43.8039108066886], [-79.200280262447, 43.8038702694557], [-79.2002660978116, 43.8038297185804], [-79.2002519340745, 43.8037891851824], [-79.2002389120961, 43.8037486374937], [-79.2002266869234, 43.8037081098756], [-79.2002152441833, 43.8036675653735], [-79.2002049800329, 43.8036225421878], [-79.2001946709667, 43.8035865099998], [-79.2001859249691, 43.8035459822718], [-79.2001776119595, 43.8035009544561], [-79.2001700472465, 43.8034604208351], [-79.2001632883222, 43.8034154065699], [-79.2001576630719, 43.8033748774291], [-79.2001482136935, 43.8033208551724], [-79.2001395260863, 43.8032713264614], [-79.2001316433697, 43.8032172995728], [-79.2001245412891, 43.8031587725494], [-79.2001181767253, 43.8031092508356], [-79.2001126314251, 43.8030552199104], [-79.2001078434046, 43.8030012096831], [-79.2001042582283, 43.8029426837447], [-79.2001010009371, 43.8028931780603], [-79.2000976313565, 43.8028661663961], [-79.2000939114328, 43.802834644236], [-79.2000893857205, 43.8028076286553], [-79.2000841126097, 43.8027761110027], [-79.2000780211338, 43.8027491005823], [-79.2000711598017, 43.8027220694028], [-79.200063177372, 43.8026905452217], [-79.2000547502764, 43.8026635198508], [-79.2000455641043, 43.8026364918742], [-79.2000355954996, 43.8026094625888], [-79.2000248902763, 43.8025779305682], [-79.2000133684845, 43.8025509057947], [-79.2000010759381, 43.8025238706355], [-79.1999880117389, 43.8024968237939], [-79.1999741534291, 43.8024697931486], [-79.199775009507, 43.8019832096181], [-79.1990835007743, 43.8002890731179], [-79.1989703660492, 43.8000258790967], [-79.1986457661094, 43.79927081093], [-79.1985393400028, 43.7990975645696], [-79.1982899694765, 43.7986958703319], [-79.1978518117051, 43.7980030308216], [-79.1977843122947, 43.7978962966688], [-79.1977486806189, 43.7978377942588], [-79.1974961803622, 43.7974232721118], [-79.1973516010088, 43.7971780591864], [-79.1972214710568, 43.7969333879667], [-79.197184098446, 43.7968631524242], [-79.1971388476102, 43.7967780528058], [-79.1970944537672, 43.7967126321284], [-79.1970837224928, 43.7966894160217], [-79.1970569616805, 43.7966315582413], [-79.1970132460655, 43.7965305217751], [-79.1974452216311, 43.7964691442902], [-79.2002617948813, 43.7960618748519], [-79.2031658227178, 43.7956423864906], [-79.2063690263747, 43.7951774441614], [-79.209159022069, 43.7947701030223], [-79.2134046011372, 43.7941531169698], [-79.2139102888618, 43.7940692150376], [-79.214432851439, 43.793971797038], [-79.2148683016881, 43.7938858710869], [-79.215305788418, 43.793791927755], [-79.2157250070083, 43.7936875943744], [-79.215971350212, 43.7936258916959], [-79.2163522673335, 43.7935271235732], [-79.2168905360551, 43.7933726575458], [-79.2175539984863, 43.7931754730526], [-79.2182392657244, 43.7929460692898], [-79.2188783308108, 43.7927159902613], [-79.2194454147918, 43.7924978275558], [-79.219942790405, 43.7922891774927], [-79.2205622551502, 43.7920251597124], [-79.2210058297628, 43.7918117373005], [-79.2214031770709, 43.791625239452], [-79.2217518509619, 43.7914466613254], [-79.2220399289954, 43.7913176193813], [-79.2221252599642, 43.7912685547463], [-79.2222262925859, 43.7912095633906], [-79.2223268535921, 43.7911502380176], [-79.2224267848792, 43.7910902459638], [-79.2225262077199, 43.791029900436], [-79.2226250367742, 43.7909690950848], [-79.2228854709515, 43.790811603179], [-79.2231465348478, 43.7906546983717], [-79.2234080559866, 43.7904981452724], [-79.2236702310989, 43.7903422402361], [-79.2239328742334, 43.7901868042889], [-79.2241961363072, 43.7900318277071], [-79.2244600523546, 43.7898773662636], [-79.2247243986949, 43.7897234446045], [-79.2249892768379, 43.7895700906188], [-79.2250863541774, 43.7895108985027], [-79.2251863995506, 43.7894517497763], [-79.2252870764394, 43.7893930341784], [-79.225388100078, 43.7893347789462], [-79.2254897543338, 43.7892770379057], [-79.2255242226913, 43.7892576780434], [-79.2255918038484, 43.7892196936823], [-79.225694434573, 43.7891628818107], [-79.2257975728457, 43.789106412286], [-79.2259010821226, 43.7890505114311], [-79.2260052229152, 43.7889950352833], [-79.2261097203389, 43.7889401265112], [-79.2262147136327, 43.788885552309], [-79.2263201884235, 43.7888316271948], [-79.2264261959152, 43.7887780450833], [-79.2265326462764, 43.7887250128437], [-79.2266394936929, 43.788672459792], [-79.2267468486576, 43.7886203210803], [-79.226854547677, 43.7885687134383], [-79.2269628907884, 43.7885175752606], [-79.227071430631, 43.7884669960404], [-79.2271805256323, 43.7884169316816], [-79.2272900796728, 43.7883672362742], [-79.2274000154973, 43.7883181724597], [-79.2275104337171, 43.7882695683882], [-79.2276212229411, 43.7882214156304], [-79.2277323948474, 43.7881738581537], [-79.2278743151875, 43.7881128345958], [-79.2280184858075, 43.7880519705059], [-79.2281630130586, 43.7879915473331], [-79.2283080101286, 43.7879317738956], [-79.2284534267119, 43.7878724147895], [-79.2285992870628, 43.7878137313621], [-79.2287454312815, 43.7877554629177], [-79.228892045319, 43.787697762504], [-79.2290390537169, 43.7876405853761], [-79.2291865202557, 43.787583974985], [-79.2293342805435, 43.7875277893102], [-79.2294825115485, 43.7874722702448], [-79.229631100083, 43.7874172375064], [-79.2297799338576, 43.7873627812387], [-79.229929274282, 43.7873087762815], [-79.2300790099651, 43.7872554022724], [-79.2302290906013, 43.7872025599914], [-79.2303794173759, 43.7871502403609], [-79.2305302382239, 43.7870984887779], [-79.2306813052103, 43.7870472676302], [-79.2318787271447, 43.7866444735736], [-79.2326496756946, 43.7864053007938], [-79.2346263133744, 43.7857920689342]]]], "type": "MultiPolygon"}
